Date,Gold,Silver,Crude Oil,DXY,S&P500,Predicted_Gold_Close
2023-02-27,1817.0,20.670000076293945,75.68000030517578,104.66999816894531,3982.239990234375,2933.999834375584
2023-02-28,1828.9000244140625,20.961000442504883,77.05000305175781,104.87000274658203,3970.14990234375,2933.999834375584
2023-03-01,1837.699951171875,20.958999633789062,77.69000244140625,104.4800033569336,3951.389892578125,2933.999834375584
2023-03-02,1833.5,20.766000747680664,78.16000366210938,105.02999877929688,3981.35009765625,2933.999834375584
2023-03-03,1847.699951171875,21.093000411987305,79.68000030517578,104.5199966430664,4045.639892578125,2933.999834375584
2023-03-06,1847.9000244140625,20.983999252319336,80.45999908447266,104.3499984741211,4048.419921875,2933.999834375584
2023-03-07,1813.9000244140625,20.054000854492188,77.58000183105469,105.62000274658203,3986.3701171875,2933.999834375584
2023-03-08,1812.699951171875,20.0049991607666,76.66000366210938,105.66000366210938,3992.010009765625,2933.999834375584
2023-03-09,1829.300048828125,20.024999618530273,75.72000122070312,105.30999755859375,3918.320068359375,2933.999834375584
2023-03-10,1862.0,20.375,76.68000030517578,104.58000183105469,3861.590087890625,2933.999834375584
2023-03-13,1911.699951171875,21.792999267578125,74.80000305175781,103.5999984741211,3855.760009765625,2933.999834375584
2023-03-14,1906.199951171875,21.929000854492188,71.33000183105469,103.5999984741211,3919.2900390625,2933.999834375584
2023-03-15,1926.5999755859375,21.77400016784668,67.61000061035156,104.6500015258789,3891.929931640625,2933.999834375584
2023-03-16,1919.0,21.58799934387207,68.3499984741211,104.41999816894531,3960.280029296875,2933.999834375584
2023-03-17,1969.800048828125,22.35099983215332,66.73999786376953,103.70999908447266,3916.639892578125,2933.999834375584
2023-03-20,1979.199951171875,22.533000946044922,67.63999938964844,103.27999877929688,3951.570068359375,2933.999834375584
2023-03-21,1938.0,22.323999404907227,69.33000183105469,103.26000213623047,4002.8701171875,2933.999834375584
2023-03-22,1946.800048828125,22.674999237060547,70.9000015258789,102.3499984741211,3936.969970703125,2933.999834375584
2023-03-23,1993.800048828125,23.143999099731445,69.95999908447266,102.52999877929688,3948.719970703125,2933.999834375584
2023-03-24,1982.0999755859375,23.246999740600586,69.26000213623047,103.12000274658203,3970.989990234375,2933.999834375584
2023-03-27,1952.4000244140625,23.054000854492188,72.80999755859375,102.86000061035156,3977.530029296875,2933.999834375584
2023-03-28,1972.4000244140625,23.323999404907227,73.19999694824219,102.43000030517578,3971.27001953125,2933.999834375584
2023-03-29,1966.0999755859375,23.375999450683594,72.97000122070312,102.63999938964844,4027.81005859375,2933.999834375584
2023-03-30,1980.300048828125,23.902000427246094,74.37000274658203,102.13999938964844,4050.830078125,2933.999834375584
2023-03-31,1969.0,24.076000213623047,75.66999816894531,102.51000213623047,4109.31005859375,2933.999834375584
2023-04-03,1983.9000244140625,23.94099998474121,80.41999816894531,102.08999633789062,4124.509765625,2933.999834375584
2023-04-04,2022.199951171875,25.02199935913086,80.70999908447266,101.58999633789062,4100.60009765625,2933.999834375584
2023-04-05,2020.9000244140625,24.96299934387207,80.61000061035156,101.8499984741211,4090.3798828125,2933.999834375584
2023-04-06,2011.9000244140625,25.024999618530273,80.69999694824219,101.81999969482422,4105.02001953125,2933.999834375584
2023-04-10,1989.0999755859375,24.84600067138672,79.73999786376953,102.58000183105469,4109.10986328125,2933.999834375584
2023-04-11,2004.800048828125,25.131000518798828,81.52999877929688,102.19999694824219,4108.93994140625,2933.999834375584
2023-04-12,2010.9000244140625,25.40399932861328,83.26000213623047,101.5,4091.949951171875,2933.999834375584
2023-04-13,2041.300048828125,25.874000549316406,82.16000366210938,101.01000213623047,4146.22021484375,2933.999834375584
2023-04-14,2002.199951171875,25.423999786376953,82.5199966430664,101.55000305175781,4137.64013671875,2933.999834375584
2023-04-17,1994.199951171875,25.05299949645996,80.83000183105469,102.0999984741211,4151.31982421875,2933.999834375584
2023-04-18,2007.4000244140625,25.24799919128418,80.86000061035156,101.75,4154.8701171875,2933.999834375584
2023-04-19,1995.199951171875,25.365999221801758,79.16000366210938,101.97000122070312,4154.52001953125,2933.999834375584
2023-04-20,2007.5999755859375,25.368000030517578,77.29000091552734,101.83999633789062,4129.7900390625,2933.999834375584
2023-04-21,1979.5,25.05299949645996,77.87000274658203,101.81999969482422,4133.52001953125,2933.999834375584
2023-04-24,1989.0999755859375,25.305999755859375,78.76000213623047,101.3499984741211,4137.0400390625,2933.999834375584
2023-04-25,1994.0,24.87700080871582,77.06999969482422,101.86000061035156,4071.6298828125,2933.999834375584
2023-04-26,1985.699951171875,24.871000289916992,74.30000305175781,101.47000122070312,4055.989990234375,2933.999834375584
2023-04-27,1989.9000244140625,24.982999801635742,74.76000213623047,101.5,4135.35009765625,2933.999834375584
2023-04-28,1990.0999755859375,24.999000549316406,76.77999877929688,101.66999816894531,4169.47998046875,2933.999834375584
2023-05-01,1983.4000244140625,25.009000778198242,75.66000366210938,102.1500015258789,4167.8701171875,2933.999834375584
2023-05-02,2014.300048828125,25.40399932861328,71.66000366210938,101.95999908447266,4119.580078125,2933.999834375584
2023-05-03,2028.5999755859375,25.47599983215332,68.5999984741211,101.33999633789062,4090.75,2933.999834375584
2023-05-04,2048.0,26.03499984741211,68.55999755859375,101.4000015258789,4061.219970703125,2933.999834375584
2023-05-05,2017.4000244140625,25.743000030517578,71.33999633789062,101.20999908447266,4136.25,2933.999834375584
2023-05-08,2026.300048828125,25.63599967956543,73.16000366210938,101.37000274658203,4138.1201171875,2933.999834375584
2023-05-09,2036.199951171875,25.697999954223633,73.70999908447266,101.61000061035156,4119.169921875,2933.999834375584
2023-05-10,2030.5,25.461000442504883,72.55999755859375,101.4800033569336,4137.64013671875,2933.999834375584
2023-05-11,2014.699951171875,24.2549991607666,70.87000274658203,102.05999755859375,4130.6201171875,2933.999834375584
2023-05-12,2014.5,23.992000579833984,70.04000091552734,102.68000030517578,4124.080078125,2933.999834375584
2023-05-15,2018.0,24.12700080871582,71.11000061035156,102.43000030517578,4136.27978515625,2933.999834375584
2023-05-16,1988.4000244140625,23.73699951171875,70.86000061035156,102.55999755859375,4109.89990234375,2933.999834375584
2023-05-17,1980.699951171875,23.75200080871582,72.83000183105469,102.87999725341797,4158.77001953125,2933.999834375584
2023-05-18,1956.5,23.4950008392334,71.86000061035156,103.58000183105469,4198.0498046875,2933.999834375584
2023-05-19,1978.699951171875,23.920000076293945,71.55000305175781,103.19999694824219,4191.97998046875,2933.999834375584
2023-05-22,1974.800048828125,23.71500015258789,71.98999786376953,103.19999694824219,4192.6298828125,2933.999834375584
2023-05-23,1972.4000244140625,23.474000930786133,72.91000366210938,103.48999786376953,4145.580078125,2933.999834375584
2023-05-24,1962.800048828125,23.114999771118164,74.33999633789062,103.88999938964844,4115.240234375,2933.999834375584
2023-05-25,1943.0999755859375,22.785999298095703,71.83000183105469,104.20999908447266,4151.27978515625,2933.999834375584
2023-05-26,1944.0999755859375,23.239999771118164,72.66999816894531,104.20999908447266,4205.4501953125,2933.999834375584
2023-05-30,1958.0,23.125,69.45999908447266,104.16999816894531,4205.52001953125,2933.999834375584
2023-05-31,1963.9000244140625,23.474000930786133,68.08999633789062,104.31999969482422,4179.830078125,2933.999834375584
2023-06-01,1978.0,23.875,70.0999984741211,103.55999755859375,4221.02001953125,2933.999834375584
2023-06-02,1952.4000244140625,23.64299964904785,71.73999786376953,104.0199966430664,4282.3701171875,2933.999834375584
2023-06-05,1958.0,23.534000396728516,72.1500015258789,104.0,4273.7900390625,2933.999834375584
2023-06-06,1965.5,23.573999404907227,71.73999786376953,104.12999725341797,4283.85009765625,2933.999834375584
2023-06-07,1942.699951171875,23.43899917602539,72.52999877929688,104.0999984741211,4267.52001953125,2933.999834375584
2023-06-08,1963.5999755859375,24.263999938964844,71.29000091552734,103.33999633789062,4293.93017578125,2933.999834375584
2023-06-09,1962.199951171875,24.333999633789062,70.16999816894531,103.55999755859375,4298.85986328125,2933.999834375584
2023-06-12,1955.300048828125,23.985000610351562,67.12000274658203,103.62999725341797,4338.93017578125,2933.999834375584
2023-06-13,1944.5999755859375,23.756000518798828,69.41999816894531,103.33999633789062,4369.009765625,2933.999834375584
2023-06-14,1955.300048828125,24.04400062561035,68.2699966430664,103.01000213623047,4372.58984375,2933.999834375584
2023-06-15,1957.800048828125,23.891000747680664,70.62000274658203,102.12000274658203,4425.83984375,2933.999834375584
2023-06-16,1958.4000244140625,24.076000213623047,71.77999877929688,102.30000305175781,4409.58984375,2933.999834375584
2023-06-20,1935.5,23.19300079345703,70.5,102.54000091552734,4388.7099609375,2933.999834375584
2023-06-21,1933.300048828125,22.77400016784668,72.52999877929688,102.06999969482422,4365.68994140625,2933.999834375584
2023-06-22,1912.699951171875,22.43600082397461,69.51000213623047,102.38999938964844,4381.89013671875,2933.999834375584
2023-06-23,1919.0999755859375,22.327999114990234,69.16000366210938,102.9000015258789,4348.330078125,2933.999834375584
2023-06-26,1923.699951171875,22.80500030517578,69.37000274658203,102.69000244140625,4328.81982421875,2933.999834375584
2023-06-27,1914.0,22.93899917602539,67.69999694824219,102.48999786376953,4378.41015625,2933.999834375584
2023-06-28,1912.300048828125,22.868000030517578,69.55999755859375,102.91000366210938,4376.85986328125,2933.999834375584
2023-06-29,1909.199951171875,22.590999603271484,69.86000061035156,103.33999633789062,4396.43994140625,2933.999834375584
2023-06-30,1921.0999755859375,22.809999465942383,70.63999938964844,102.91000366210938,4450.3798828125,2933.999834375584
2023-07-03,1921.699951171875,22.895999908447266,69.79000091552734,102.98999786376953,4455.58984375,2933.999834375584
2023-07-05,1919.5999755859375,23.19700050354004,71.79000091552734,103.37000274658203,4446.81982421875,2933.999834375584
2023-07-06,1908.699951171875,22.68600082397461,71.80000305175781,103.16999816894531,4411.58984375,2933.999834375584
2023-07-07,1926.199951171875,23.091999053955078,73.86000061035156,102.2699966430664,4398.9501953125,2933.999834375584
2023-07-10,1925.0,23.150999069213867,72.98999786376953,101.97000122070312,4409.52978515625,2933.999834375584
2023-07-11,1931.300048828125,23.086000442504883,74.83000183105469,101.7300033569336,4439.259765625,2933.999834375584
2023-07-12,1956.199951171875,24.118999481201172,75.75,100.5199966430664,4472.16015625,2933.999834375584
2023-07-13,1959.199951171875,24.76799964904785,76.88999938964844,99.7699966430664,4510.0400390625,2933.999834375584
2023-07-14,1960.0999755859375,25.013999938964844,75.41999816894531,99.91000366210938,4505.419921875,2933.999834375584
2023-07-17,1952.4000244140625,24.8439998626709,74.1500015258789,99.83999633789062,4522.7900390625,2933.999834375584
2023-07-18,1977.199951171875,25.083999633789062,75.75,99.94000244140625,4554.97998046875,2933.999834375584
2023-07-19,1977.5,25.2189998626709,75.3499984741211,100.27999877929688,4565.72021484375,2933.999834375584
2023-07-20,1968.300048828125,24.80500030517578,75.62999725341797,100.87999725341797,4534.8701171875,2933.999834375584
2023-07-21,1964.300048828125,24.697999954223633,77.06999969482422,101.06999969482422,4536.33984375,2933.999834375584
2023-07-24,1960.300048828125,24.43600082397461,78.73999786376953,101.3499984741211,4554.64013671875,2933.999834375584
2023-07-25,1962.0999755859375,24.68000030517578,79.62999725341797,101.3499984741211,4567.4599609375,2933.999834375584
2023-07-26,1968.9000244140625,24.825000762939453,78.77999877929688,100.88999938964844,4566.75,2933.999834375584
2023-07-27,1945.4000244140625,24.236000061035156,80.08999633789062,101.7699966430664,4537.41015625,2933.999834375584
2023-07-28,1960.4000244140625,24.3700008392334,80.58000183105469,101.62000274658203,4582.22998046875,2933.999834375584
2023-07-31,1970.5,24.854000091552734,81.80000305175781,101.86000061035156,4588.9599609375,2933.999834375584
2023-08-01,1940.699951171875,24.20800018310547,81.37000274658203,102.30000305175781,4576.72998046875,2933.999834375584
2023-08-02,1937.4000244140625,23.753999710083008,79.48999786376953,102.58999633789062,4513.39013671875,2933.999834375584
2023-08-03,1932.0,23.586000442504883,81.55000305175781,102.54000091552734,4501.89013671875,2933.999834375584
2023-08-04,1939.5999755859375,23.617000579833984,82.81999969482422,102.0199966430664,4478.02978515625,2933.999834375584
2023-08-07,1933.5,23.142000198364258,81.94000244140625,102.05000305175781,4518.43994140625,2933.999834375584
2023-08-08,1924.0999755859375,22.716999053955078,82.91999816894531,102.52999877929688,4499.3798828125,2933.999834375584
2023-08-09,1915.4000244140625,22.649999618530273,84.4000015258789,102.48999786376953,4467.7099609375,2933.999834375584
2023-08-10,1914.4000244140625,22.746000289916992,82.81999969482422,102.5199966430664,4468.830078125,2933.999834375584
2023-08-11,1912.9000244140625,22.673999786376953,83.19000244140625,102.83999633789062,4464.0498046875,2933.999834375584
2023-08-14,1910.5999755859375,22.643999099731445,82.51000213623047,103.19000244140625,4489.72021484375,2933.999834375584
2023-08-15,1902.5,22.594999313354492,80.98999786376953,103.20999908447266,4437.85986328125,2933.999834375584
2023-08-16,1896.0999755859375,22.479999542236328,79.37999725341797,103.41999816894531,4404.330078125,2933.999834375584
2023-08-17,1884.0999755859375,22.670000076293945,80.38999938964844,103.44000244140625,4370.35986328125,2933.999834375584
2023-08-18,1886.0999755859375,22.69499969482422,81.25,103.37999725341797,4369.7099609375,2933.999834375584
2023-08-21,1893.300048828125,23.304000854492188,80.72000122070312,103.33000183105469,4399.77001953125,2933.999834375584
2023-08-22,1896.4000244140625,23.420000076293945,80.3499984741211,103.55999755859375,4387.5498046875,2933.999834375584
2023-08-23,1918.5,24.363000869750977,78.88999938964844,103.36000061035156,4436.009765625,2933.999834375584
2023-08-24,1918.199951171875,24.211000442504883,79.05000305175781,103.9800033569336,4376.31005859375,2933.999834375584
2023-08-25,1911.0999755859375,24.219999313354492,79.83000183105469,104.08000183105469,4405.7099609375,2933.999834375584
2023-08-28,1917.9000244140625,24.238000869750977,80.0999984741211,104.05999755859375,4433.31005859375,2933.999834375584
2023-08-29,1936.5,24.777000427246094,81.16000366210938,103.55000305175781,4497.6298828125,2933.999834375584
2023-08-30,1944.300048828125,24.733999252319336,81.62999725341797,103.16000366210938,4514.8701171875,2933.999834375584
2023-08-31,1938.199951171875,24.472000122070312,83.62999725341797,103.62000274658203,4507.66015625,2933.999834375584
2023-09-01,1939.800048828125,24.23200035095215,85.55000305175781,104.23999786376953,4515.77001953125,2933.999834375584
2023-09-05,1926.199951171875,23.558000564575195,86.69000244140625,104.80999755859375,4496.830078125,2933.999834375584
2023-09-06,1918.0999755859375,23.20599937438965,87.54000091552734,104.86000061035156,4465.47998046875,2933.999834375584
2023-09-07,1917.5,22.950000762939453,86.87000274658203,105.05999755859375,4451.14013671875,2933.999834375584
2023-09-08,1918.4000244140625,22.892000198364258,87.51000213623047,105.08999633789062,4457.490234375,2933.999834375584
2023-09-11,1923.300048828125,23.10300064086914,87.29000091552734,104.56999969482422,4487.4599609375,2933.999834375584
2023-09-12,1911.300048828125,23.12700080871582,88.83999633789062,104.70999908447266,4461.89990234375,2933.999834375584
2023-09-13,1909.0999755859375,22.91200065612793,88.5199966430664,104.7699966430664,4467.43994140625,2933.999834375584
2023-09-14,1910.0,22.74799919128418,90.16000366210938,105.41000366210938,4505.10009765625,2933.999834375584
2023-09-15,1923.699951171875,23.125999450683594,90.7699966430664,105.31999969482422,4450.31982421875,2933.999834375584
2023-09-18,1931.5,23.23200035095215,91.4800033569336,105.19999694824219,4453.52978515625,2933.999834375584
2023-09-19,1932.0,23.194000244140625,91.19999694824219,105.19999694824219,4443.9501953125,2933.999834375584
2023-09-20,1945.5999755859375,23.57900047302246,90.27999877929688,105.16000366210938,4402.2001953125,2933.999834375584
2023-09-21,1919.199951171875,23.444000244140625,89.62999725341797,105.36000061035156,4330.0,2933.999834375584
2023-09-22,1925.4000244140625,23.59600067138672,90.02999877929688,105.58000183105469,4320.06005859375,2933.999834375584
2023-09-25,1916.5999755859375,23.145000457763672,89.68000030517578,106.0,4337.43994140625,2933.999834375584
2023-09-26,1900.4000244140625,22.950000762939453,90.38999938964844,106.2300033569336,4273.52978515625,2933.999834375584
2023-09-27,1871.5999755859375,22.476999282836914,93.68000030517578,106.66999816894531,4274.509765625,2933.999834375584
2023-09-28,1860.4000244140625,22.514999389648438,91.70999908447266,106.22000122070312,4299.7001953125,2933.999834375584
2023-09-29,1848.0999755859375,22.236000061035156,90.79000091552734,106.16999816894531,4288.0498046875,2933.999834375584
2023-10-02,1830.0,21.218000411987305,88.81999969482422,106.9000015258789,4288.39013671875,2933.999834375584
2023-10-03,1824.5999755859375,21.17799949645996,89.2300033569336,107.0,4229.4501953125,2933.999834375584
2023-10-04,1818.5,20.95599937438965,84.22000122070312,106.80000305175781,4263.75,2933.999834375584
2023-10-05,1816.5999755859375,20.847999572753906,82.30999755859375,106.33000183105469,4258.18994140625,2933.999834375584
2023-10-06,1830.199951171875,21.540000915527344,82.79000091552734,106.04000091552734,4308.5,2933.999834375584
2023-10-09,1849.5,21.740999221801758,86.37999725341797,106.08000183105469,4335.66015625,2933.999834375584
2023-10-10,1861.0,21.775999069213867,85.97000122070312,105.83000183105469,4358.240234375,2933.999834375584
2023-10-11,1872.800048828125,21.957000732421875,83.48999786376953,105.81999969482422,4376.9501953125,2933.999834375584
2023-10-12,1869.300048828125,21.79199981689453,82.91000366210938,106.56999969482422,4349.60986328125,2933.999834375584
2023-10-13,1927.4000244140625,22.726999282836914,87.69000244140625,106.6500015258789,4327.77978515625,2933.999834375584
2023-10-16,1921.0999755859375,22.610000610351562,86.66000366210938,106.23999786376953,4373.6298828125,2933.999834375584
2023-10-17,1922.699951171875,22.863000869750977,86.66000366210938,106.25,4373.2001953125,2933.999834375584
2023-10-18,1955.300048828125,22.944000244140625,88.31999969482422,106.56999969482422,4314.60009765625,2933.999834375584
2023-10-19,1968.4000244140625,22.886999130249023,89.37000274658203,106.25,4278.0,2933.999834375584
2023-10-20,1982.5,23.35099983215332,88.75,106.16000366210938,4224.16015625,2933.999834375584
2023-10-23,1976.300048828125,23.07200050354004,85.48999786376953,105.54000091552734,4217.0400390625,2933.999834375584
2023-10-24,1975.0,22.979999542236328,83.73999786376953,106.2699966430664,4247.68017578125,2933.999834375584
2023-10-25,1984.0999755859375,22.87700080871582,85.38999938964844,106.52999877929688,4186.77001953125,2933.999834375584
2023-10-26,1987.199951171875,22.78700065612793,83.20999908447266,106.5999984741211,4137.22998046875,2933.999834375584
2023-10-27,1988.5999755859375,22.770000457763672,85.54000091552734,106.55999755859375,4117.3701171875,2933.999834375584
2023-10-30,1996.199951171875,23.281999588012695,82.30999755859375,106.12000274658203,4166.81982421875,2933.999834375584
2023-10-31,1985.199951171875,22.840999603271484,81.0199966430664,106.66000366210938,4193.7998046875,2933.999834375584
2023-11-01,1978.800048828125,22.684999465942383,80.44000244140625,106.87999725341797,4237.85986328125,2933.999834375584
2023-11-02,1985.5999755859375,22.750999450683594,82.45999908447266,106.12000274658203,4317.77978515625,2933.999834375584
2023-11-03,1991.5,23.201000213623047,80.51000213623047,105.0199966430664,4358.33984375,2933.999834375584
2023-11-06,1981.5999755859375,23.14900016784668,80.81999969482422,105.22000122070312,4365.97998046875,2933.999834375584
2023-11-07,1966.800048828125,22.507999420166016,77.37000274658203,105.54000091552734,4378.3798828125,2933.999834375584
2023-11-08,1951.5,22.64699935913086,75.33000183105469,105.58999633789062,4382.77978515625,2933.999834375584
2023-11-09,1964.199951171875,22.83099937438965,75.73999786376953,105.91000366210938,4347.35009765625,2933.999834375584
2023-11-10,1932.5999755859375,22.21500015258789,77.16999816894531,105.86000061035156,4415.240234375,2933.999834375584
2023-11-13,1945.5,22.298999786376953,78.26000213623047,105.66000366210938,4411.5498046875,2933.999834375584
2023-11-14,1961.800048828125,23.07900047302246,78.26000213623047,104.11000061035156,4495.7001953125,2933.999834375584
2023-11-15,1960.0999755859375,23.485000610351562,76.66000366210938,104.38999938964844,4502.8798828125,2933.999834375584
2023-11-16,1983.9000244140625,23.892000198364258,72.9000015258789,104.37000274658203,4508.240234375,2933.999834375584
2023-11-17,1981.5999755859375,23.80900001525879,75.88999938964844,103.81999969482422,4514.02001953125,2933.999834375584
2023-11-20,1977.699951171875,23.57900047302246,77.5999984741211,103.47000122070312,4547.3798828125,2933.999834375584
2023-11-21,1999.300048828125,23.843000411987305,77.7699966430664,103.56999969482422,4538.18994140625,2933.999834375584
2023-11-22,1991.4000244140625,23.672000885009766,77.0999984741211,103.91999816894531,4556.6201171875,2933.999834375584
2023-11-24,2002.199951171875,24.32900047302246,75.54000091552734,103.4000015258789,4559.33984375,2933.999834375584
2023-11-27,2011.800048828125,24.672000885009766,74.86000061035156,103.19999694824219,4550.43017578125,2933.999834375584
2023-11-28,2039.699951171875,24.93000030517578,76.41000366210938,102.75,4554.89013671875,2933.999834375584
2023-11-29,2047.0999755859375,25.07200050354004,77.86000061035156,102.7699966430664,4550.580078125,2933.999834375584
2023-11-30,2038.0999755859375,25.292999267578125,75.95999908447266,103.5,4567.7998046875,2933.999834375584
2023-12-01,2071.0,25.499000549316406,74.06999969482422,103.2699966430664,4594.6298828125,2933.999834375584
2023-12-04,2024.0999755859375,24.55500030517578,73.04000091552734,103.63999938964844,4569.77978515625,2933.999834375584
2023-12-05,2018.5,24.201000213623047,72.31999969482422,104.05000305175781,4567.18017578125,2933.999834375584
2023-12-06,2030.5,23.888999938964844,69.37999725341797,104.1500015258789,4549.33984375,2933.999834375584
2023-12-07,2029.9000244140625,23.73200035095215,69.33999633789062,103.54000091552734,4585.58984375,2933.999834375584
2023-12-08,1998.300048828125,22.97100067138672,71.2300033569336,104.01000213623047,4604.3701171875,2933.999834375584
2023-12-11,1978.0,22.773000717163086,71.31999969482422,104.0999984741211,4622.43994140625,2933.999834375584
2023-12-12,1977.800048828125,22.72800064086914,68.61000061035156,103.87000274658203,4643.7001953125,2933.999834375584
2023-12-13,1982.300048828125,22.638999938964844,69.47000122070312,102.87000274658203,4707.08984375,2933.999834375584
2023-12-14,2030.199951171875,24.09600067138672,71.58000183105469,101.95999908447266,4719.5498046875,2933.999834375584
2023-12-15,2021.0999755859375,23.8700008392334,71.43000030517578,102.55000305175781,4719.18994140625,2933.999834375584
2023-12-18,2026.300048828125,23.83099937438965,72.47000122070312,102.51000213623047,4740.56005859375,2933.999834375584
2023-12-19,2038.4000244140625,24.040000915527344,73.44000244140625,102.16999816894531,4768.3701171875,2933.999834375584
2023-12-20,2034.5,24.347000122070312,74.22000122070312,102.41000366210938,4698.35009765625,2933.999834375584
2023-12-21,2039.0999755859375,24.30699920654297,73.88999938964844,101.83999633789062,4746.75,2933.999834375584
2023-12-22,2057.10009765625,24.290000915527344,73.55999755859375,101.69999694824219,4754.6298828125,2933.999834375584
2023-12-26,2058.199951171875,24.143999099731445,75.56999969482422,101.47000122070312,4774.75,2933.999834375584
2023-12-27,2081.89990234375,24.375,74.11000061035156,100.98999786376953,4781.580078125,2933.999834375584
2023-12-28,2073.89990234375,24.134000778198242,71.7699966430664,101.2300033569336,4783.35009765625,2933.999834375584
2023-12-29,2062.39990234375,23.85300064086914,71.6500015258789,101.33000183105469,4769.830078125,2933.999834375584
2024-01-02,2064.39990234375,23.732999801635742,70.37999725341797,102.19999694824219,4742.830078125,2933.999834375584
2024-01-03,2034.199951171875,22.945999145507812,72.69999694824219,102.45999908447266,4704.81005859375,2933.999834375584
2024-01-04,2042.300048828125,22.98900032043457,72.19000244140625,102.41999816894531,4688.68017578125,2933.999834375584
2024-01-05,2042.4000244140625,23.121999740600586,73.80999755859375,102.41000366210938,4697.240234375,2933.999834375584
2024-01-08,2026.5999755859375,23.1200008392334,70.7699966430664,102.20999908447266,4763.5400390625,2933.999834375584
2024-01-09,2026.4000244140625,22.90399932861328,72.23999786376953,102.56999969482422,4756.5,2933.999834375584
2024-01-10,2021.699951171875,22.884000778198242,71.37000274658203,102.36000061035156,4783.4501953125,2933.999834375584
2024-01-11,2014.300048828125,22.53700065612793,72.0199966430664,102.29000091552734,4780.240234375,2933.999834375584
2024-01-12,2046.699951171875,23.16200065612793,72.68000030517578,102.4000015258789,4783.830078125,2933.999834375584
2024-01-16,2026.0,22.933000564575195,72.4000015258789,103.36000061035156,4765.97998046875,2933.999834375584
2024-01-17,2002.5999755859375,22.516000747680664,72.55999755859375,103.44999694824219,4739.2099609375,2933.999834375584
2024-01-18,2018.5999755859375,22.66699981689453,74.08000183105469,103.54000091552734,4780.93994140625,2933.999834375584
2024-01-19,2026.5,22.570999145507812,73.41000366210938,103.29000091552734,4839.81005859375,2933.999834375584
2024-01-22,2019.800048828125,22.163000106811523,75.19000244140625,103.33000183105469,4850.43017578125,2933.999834375584
2024-01-23,2023.699951171875,22.333999633789062,74.37000274658203,103.62000274658203,4864.60009765625,2933.999834375584
2024-01-24,2013.9000244140625,22.7549991607666,75.08999633789062,103.23999786376953,4868.5498046875,2933.999834375584
2024-01-25,2016.9000244140625,22.808000564575195,77.36000061035156,103.56999969482422,4894.16015625,2933.999834375584
2024-01-26,2016.800048828125,22.7549991607666,78.01000213623047,103.47000122070312,4890.97021484375,2933.999834375584
2024-01-29,2025.199951171875,23.13800048828125,76.77999877929688,103.61000061035156,4927.93017578125,2933.999834375584
2024-01-30,2031.5,23.10700035095215,77.81999969482422,103.4000015258789,4924.97021484375,2933.999834375584
2024-01-31,2048.39990234375,23.051000595092773,75.8499984741211,103.2699966430664,4845.64990234375,2933.999834375584
2024-02-01,2053.0,23.1299991607666,73.81999969482422,103.05000305175781,4906.18994140625,2933.999834375584
2024-02-02,2036.0999755859375,22.701000213623047,72.27999877929688,103.91999816894531,4958.60986328125,2933.999834375584
2024-02-05,2025.699951171875,22.334999084472656,72.77999877929688,104.44999694824219,4942.81005859375,2933.999834375584
2024-02-06,2034.5,22.39299964904785,73.30999755859375,104.18000030517578,4954.22998046875,2933.999834375584
2024-02-07,2035.199951171875,22.277999877929688,73.86000061035156,104.04000091552734,4995.06005859375,2933.999834375584
2024-02-08,2032.199951171875,22.565000534057617,76.22000122070312,104.1500015258789,4997.91015625,2933.999834375584
2024-02-09,2023.300048828125,22.527999877929688,76.83999633789062,104.08000183105469,5026.60986328125,2933.999834375584
2024-02-12,2018.199951171875,22.708999633789062,76.91999816894531,104.16999816894531,5021.83984375,2933.999834375584
2024-02-13,1992.9000244140625,22.09600067138672,77.87000274658203,104.95999908447266,4953.169921875,2933.999834375584
2024-02-14,1990.300048828125,22.33099937438965,76.63999938964844,104.72000122070312,5000.6201171875,2933.999834375584
2024-02-15,2002.0999755859375,22.91200065612793,78.02999877929688,104.30000305175781,5029.72998046875,2933.999834375584
2024-02-16,2011.5,23.43899917602539,79.19000244140625,104.30000305175781,5005.56982421875,2933.999834375584
2024-02-20,2027.5,23.106000900268555,78.18000030517578,104.08000183105469,4975.509765625,2933.999834375584
2024-02-21,2022.300048828125,22.85099983215332,77.91000366210938,104.01000213623047,4981.7998046875,2933.999834375584
2024-02-22,2019.699951171875,22.764999389648438,78.61000061035156,103.95999908447266,5087.02978515625,2933.999834375584
2024-02-23,2038.5999755859375,22.9689998626709,76.48999786376953,103.94000244140625,5088.7998046875,2933.999834375584
2024-02-26,2028.5,22.517000198364258,77.58000183105469,103.83000183105469,5069.52978515625,2933.999834375584
2024-02-27,2034.0,22.523000717163086,78.87000274658203,103.83000183105469,5078.18017578125,2933.999834375584
2024-02-28,2033.0,22.40999984741211,78.54000091552734,103.9800033569336,5069.759765625,2933.999834375584
2024-02-29,2045.699951171875,22.666000366210938,78.26000213623047,104.16000366210938,5096.27001953125,2933.999834375584
2024-03-01,2086.89990234375,23.149999618530273,79.97000122070312,103.86000061035156,5137.080078125,2933.999834375584
2024-03-04,2117.699951171875,23.77899932861328,78.73999786376953,103.83000183105469,5130.9501953125,2933.999834375584
2024-03-05,2133.5,23.76300048828125,78.1500015258789,103.80000305175781,5078.64990234375,2933.999834375584
2024-03-06,2150.300048828125,24.27199935913086,79.12999725341797,103.37000274658203,5104.759765625,2933.999834375584
2024-03-07,2158.0,24.3700008392334,78.93000030517578,102.81999969482422,5157.35986328125,2933.999834375584
2024-03-08,2178.60009765625,24.339000701904297,78.01000213623047,102.73999786376953,5123.68994140625,2933.999834375584
2024-03-11,2182.5,24.511999130249023,77.93000030517578,102.87000274658203,5117.93994140625,2933.999834375584
2024-03-12,2160.39990234375,24.194000244140625,77.55999755859375,102.95999908447266,5175.27001953125,2933.999834375584
2024-03-13,2175.39990234375,24.958999633789062,79.72000122070312,102.79000091552734,5165.31005859375,2933.999834375584
2024-03-14,2163.0,24.874000549316406,81.26000213623047,103.36000061035156,5150.47998046875,2933.999834375584
2024-03-15,2157.300048828125,25.200000762939453,81.04000091552734,103.43000030517578,5117.08984375,2933.999834375584
2024-03-18,2160.699951171875,25.090999603271484,82.72000122070312,103.58000183105469,5149.419921875,2933.999834375584
2024-03-19,2156.300048828125,24.964000701904297,83.47000122070312,103.80999755859375,5178.509765625,2933.999834375584
2024-03-20,2157.89990234375,24.933000564575195,81.68000030517578,103.41000366210938,5224.6201171875,2933.999834375584
2024-03-21,2182.39990234375,24.849000930786133,81.06999969482422,104.0,5241.52978515625,2933.999834375584
2024-03-22,2158.10009765625,24.691999435424805,80.62999725341797,104.43000030517578,5234.18017578125,2933.999834375584
2024-03-25,2174.800048828125,24.7450008392334,81.94999694824219,104.2300033569336,5218.18994140625,2933.999834375584
2024-03-26,2175.60009765625,24.482999801635742,81.62000274658203,104.29000091552734,5203.580078125,2933.999834375584
2024-03-27,2190.60009765625,24.625,81.3499984741211,104.3499984741211,5248.490234375,2933.999834375584
2024-03-28,2217.39990234375,24.797000885009766,83.16999816894531,104.55000305175781,5254.35009765625,2933.999834375584
2024-04-01,2236.5,24.95400047302246,83.70999908447266,105.0199966430664,5243.77001953125,2933.999834375584
2024-04-02,2261.0,25.804000854492188,85.1500015258789,104.81999969482422,5205.81005859375,2933.999834375584
2024-04-03,2294.39990234375,26.94499969482422,85.43000030517578,104.25,5211.490234375,2933.999834375584
2024-04-04,2288.800048828125,27.139999389648438,86.58999633789062,104.12000274658203,5147.2099609375,2933.999834375584
2024-04-05,2325.699951171875,27.399999618530273,86.91000366210938,104.30000305175781,5204.33984375,2933.999834375584
2024-04-08,2331.699951171875,27.711999893188477,86.43000030517578,104.13999938964844,5202.39013671875,2933.999834375584
2024-04-09,2343.5,27.891000747680664,85.2300033569336,104.1500015258789,5209.91015625,2933.999834375584
2024-04-10,2329.60009765625,27.961000442504883,86.20999908447266,105.25,5160.64013671875,2933.999834375584
2024-04-11,2354.800048828125,28.176000595092773,85.0199966430664,105.27999877929688,5199.06005859375,2933.999834375584
2024-04-12,2356.199951171875,28.2549991607666,85.66000366210938,106.04000091552734,5123.41015625,2933.999834375584
2024-04-15,2365.800048828125,28.650999069213867,85.41000366210938,106.20999908447266,5061.81982421875,2933.999834375584
2024-04-16,2390.800048828125,28.31800079345703,85.36000061035156,106.26000213623047,5051.41015625,2933.999834375584
2024-04-17,2371.699951171875,28.34600067138672,82.69000244140625,105.94999694824219,5022.2099609375,2933.999834375584
2024-04-18,2382.300048828125,28.32900047302246,82.7300033569336,106.1500015258789,5011.1201171875,2933.999834375584
2024-04-19,2398.39990234375,28.808000564575195,83.13999938964844,106.1500015258789,4967.22998046875,2933.999834375584
2024-04-22,2332.199951171875,27.21299934387207,82.8499984741211,106.08000183105469,5010.60009765625,2933.999834375584
2024-04-23,2327.699951171875,27.33099937438965,83.36000061035156,105.69000244140625,5070.5498046875,2933.999834375584
2024-04-24,2324.5,27.323999404907227,82.80999755859375,105.86000061035156,5071.6298828125,2933.999834375584
2024-04-25,2329.800048828125,27.341999053955078,83.56999969482422,105.5999984741211,5048.419921875,2933.999834375584
2024-04-26,2334.800048828125,27.240999221801758,83.8499984741211,105.94000244140625,5099.9599609375,2933.999834375584
2024-04-29,2345.39990234375,27.37299919128418,82.62999725341797,105.58000183105469,5116.169921875,2933.999834375584
2024-04-30,2291.39990234375,26.391000747680664,81.93000030517578,106.22000122070312,5035.68994140625,2933.999834375584
2024-05-01,2299.89990234375,26.48900032043457,79.0,105.76000213623047,5018.39013671875,2933.999834375584
2024-05-02,2299.199951171875,26.58300018310547,78.94999694824219,105.30000305175781,5064.2001953125,2933.999834375584
2024-05-03,2299.0,26.44499969482422,78.11000061035156,105.02999877929688,5127.7900390625,2933.999834375584
2024-05-06,2321.60009765625,27.368999481201172,78.4800033569336,105.05000305175781,5180.740234375,2933.999834375584
2024-05-07,2315.199951171875,27.30299949645996,78.37999725341797,105.41000366210938,5187.7001953125,2933.999834375584
2024-05-08,2313.60009765625,27.361000061035156,78.98999786376953,105.55000305175781,5187.669921875,2933.999834375584
2024-05-09,2332.10009765625,28.131999969482422,79.26000213623047,105.2300033569336,5214.080078125,2933.999834375584
2024-05-10,2367.300048828125,28.274999618530273,78.26000213623047,105.30999755859375,5222.68017578125,2933.999834375584
2024-05-13,2336.10009765625,28.22100067138672,79.12000274658203,105.22000122070312,5221.419921875,2933.999834375584
2024-05-14,2353.39990234375,28.485000610351562,78.0199966430664,105.01000213623047,5246.68017578125,2933.999834375584
2024-05-15,2388.699951171875,29.513999938964844,78.62999725341797,104.3499984741211,5308.14990234375,2933.999834375584
2024-05-16,2380.0,29.665000915527344,79.2300033569336,104.45999908447266,5297.10009765625,2933.999834375584
2024-05-17,2412.199951171875,31.047000885009766,80.05999755859375,104.44999694824219,5303.27001953125,2933.999834375584
2024-05-20,2433.89990234375,32.20500183105469,79.80000305175781,104.56999969482422,5308.1298828125,2933.999834375584
2024-05-21,2421.699951171875,31.868000030517578,79.26000213623047,104.66000366210938,5321.41015625,2933.999834375584
2024-05-22,2389.199951171875,31.295000076293945,77.56999969482422,104.94000244140625,5307.009765625,2933.999834375584
2024-05-23,2335.0,30.284000396728516,76.87000274658203,105.11000061035156,5267.83984375,2933.999834375584
2024-05-24,2332.5,30.329999923706055,77.72000122070312,104.72000122070312,5304.72021484375,2933.999834375584
2024-05-28,2355.199951171875,31.97100067138672,79.83000183105469,104.61000061035156,5306.0400390625,2933.999834375584
2024-05-29,2340.300048828125,32.202999114990234,79.2300033569336,105.0999984741211,5266.9501953125,2933.999834375584
2024-05-30,2342.89990234375,31.38800048828125,77.91000366210938,104.72000122070312,5235.47998046875,2933.999834375584
2024-05-31,2322.89990234375,30.297000885009766,76.98999786376953,104.66999816894531,5277.509765625,2933.999834375584
2024-06-03,2346.60009765625,30.641000747680664,74.22000122070312,104.13999938964844,5283.39990234375,2933.999834375584
2024-06-04,2325.5,29.488000869750977,73.25,104.11000061035156,5291.33984375,2933.999834375584
2024-06-05,2354.10009765625,29.947999954223633,74.06999969482422,104.2699966430664,5354.02978515625,2933.999834375584
2024-06-06,2370.300048828125,31.246999740600586,75.55000305175781,104.0999984741211,5352.9599609375,2933.999834375584
2024-06-07,2305.199951171875,29.334999084472656,75.52999877929688,104.88999938964844,5346.990234375,2933.999834375584
2024-06-10,2307.699951171875,29.768999099731445,77.73999786376953,105.1500015258789,5360.7900390625,2933.999834375584
2024-06-11,2307.5,29.132999420166016,77.9000015258789,105.2300033569336,5375.31982421875,2933.999834375584
2024-06-12,2336.0,30.176000595092773,78.5,104.6500015258789,5421.02978515625,2933.999834375584
2024-06-13,2300.199951171875,28.989999771118164,78.62000274658203,105.19999694824219,5433.740234375,2933.999834375584
2024-06-14,2331.39990234375,29.402000427246094,78.44999694824219,105.55000305175781,5431.60009765625,2933.999834375584
2024-06-17,2312.39990234375,29.325000762939453,80.33000183105469,105.31999969482422,5473.22998046875,2933.999834375584
2024-06-18,2330.39990234375,29.5049991607666,81.56999969482422,105.26000213623047,5487.02978515625,2933.999834375584
2024-06-20,2353.800048828125,30.775999069213867,82.16999816894531,105.58999633789062,5473.169921875,2933.999834375584
2024-06-21,2316.39990234375,29.572999954223633,80.7300033569336,105.80000305175781,5464.6201171875,2933.999834375584
2024-06-24,2330.0,29.48900032043457,81.62999725341797,105.47000122070312,5447.8701171875,2933.999834375584
2024-06-25,2316.60009765625,28.836999893188477,80.83000183105469,105.61000061035156,5469.2998046875,2933.999834375584
2024-06-26,2299.199951171875,28.909000396728516,80.9000015258789,106.05000305175781,5477.89990234375,2933.999834375584
2024-06-27,2324.5,28.917999267578125,81.73999786376953,105.91000366210938,5482.8701171875,2933.999834375584
2024-06-28,2327.699951171875,29.23699951171875,81.54000091552734,105.87000274658203,5460.47998046875,2933.999834375584
2024-07-01,2327.60009765625,29.299999237060547,83.37999725341797,105.9000015258789,5475.08984375,2933.999834375584
2024-07-02,2323.0,29.35300064086914,82.80999755859375,105.72000122070312,5509.009765625,2933.999834375584
2024-07-03,2359.800048828125,30.54800033569336,83.87999725341797,105.4000015258789,5537.02001953125,2933.999834375584
2024-07-05,2388.5,31.38800048828125,83.16000366210938,104.87999725341797,5567.18994140625,2933.999834375584
2024-07-08,2355.199951171875,30.618000030517578,82.33000183105469,105.01000213623047,5572.85009765625,2933.999834375584
2024-07-09,2360.10009765625,30.77199935913086,81.41000366210938,105.12999725341797,5576.97998046875,2933.999834375584
2024-07-10,2372.199951171875,30.726999282836914,82.0999984741211,105.05000305175781,5633.91015625,2933.999834375584
2024-07-11,2415.0,31.393999099731445,82.62000274658203,104.44000244140625,5584.5400390625,2933.999834375584
2024-07-12,2414.0,30.88599967956543,82.20999908447266,104.08999633789062,5615.35009765625,2933.999834375584
2024-07-15,2422.89990234375,30.672000885009766,81.91000366210938,104.19000244140625,5631.22021484375,2933.999834375584
2024-07-16,2462.39990234375,31.19499969482422,80.76000213623047,104.2699966430664,5667.2001953125,2933.999834375584
2024-07-17,2454.800048828125,30.136999130249023,82.8499984741211,103.75,5588.27001953125,2933.999834375584
2024-07-18,2451.800048828125,29.9950008392334,82.81999969482422,104.16999816894531,5544.58984375,2933.999834375584
2024-07-19,2395.5,29.08799934387207,80.12999725341797,104.4000015258789,5505.0,2933.999834375584
2024-07-22,2392.0,29.124000549316406,79.77999877929688,104.30999755859375,5564.41015625,2933.999834375584
2024-07-23,2404.60009765625,29.131999969482422,76.95999908447266,104.44999694824219,5555.740234375,2933.999834375584
2024-07-24,2413.300048828125,29.115999221801758,77.58999633789062,104.38999938964844,5427.1298828125,2933.999834375584
2024-07-25,2351.89990234375,27.80699920654297,78.27999877929688,104.36000061035156,5399.22021484375,2933.999834375584
2024-07-26,2380.0,27.860000610351562,77.16000366210938,104.31999969482422,5459.10009765625,2933.999834375584
2024-07-29,2377.300048828125,27.702999114990234,75.80999755859375,104.55999755859375,5463.5400390625,2933.999834375584
2024-07-30,2405.0,28.364999771118164,74.7300033569336,104.55000305175781,5436.43994140625,2933.999834375584
2024-07-31,2426.5,28.777999877929688,77.91000366210938,104.0999984741211,5522.2998046875,2933.999834375584
2024-08-01,2435.0,28.33099937438965,76.30999755859375,104.41999816894531,5446.68017578125,2933.999834375584
2024-08-02,2425.699951171875,28.246000289916992,73.5199966430664,103.20999908447266,5346.56005859375,2933.999834375584
2024-08-05,2401.699951171875,27.076000213623047,72.94000244140625,102.69000244140625,5186.330078125,2933.999834375584
2024-08-06,2389.10009765625,27.09600067138672,73.19999694824219,102.97000122070312,5240.02978515625,2933.999834375584
2024-08-07,2390.5,26.829999923706055,75.2300033569336,103.19999694824219,5199.5,2933.999834375584
2024-08-08,2422.199951171875,27.5,76.19000244140625,103.20999908447266,5319.31005859375,2933.999834375584
2024-08-09,2432.10009765625,27.48699951171875,76.83999633789062,103.13999938964844,5344.16015625,2933.999834375584
2024-08-12,2462.39990234375,27.91699981689453,80.05999755859375,103.13999938964844,5344.39013671875,2933.999834375584
2024-08-13,2466.699951171875,27.69499969482422,78.3499984741211,102.55999755859375,5434.43017578125,2933.999834375584
2024-08-14,2439.39990234375,27.253999710083008,76.9800033569336,102.56999969482422,5455.2099609375,2933.999834375584
2024-08-15,2453.10009765625,28.341999053955078,78.16000366210938,102.9800033569336,5543.22021484375,2933.999834375584
2024-08-16,2498.60009765625,28.777999877929688,76.6500015258789,102.45999908447266,5554.25,2933.999834375584
2024-08-19,2501.800048828125,29.239999771118164,74.37000274658203,101.88999938964844,5608.25,2933.999834375584
2024-08-20,2511.300048828125,29.454999923706055,74.04000091552734,101.44000244140625,5597.1201171875,2933.999834375584
2024-08-21,2508.39990234375,29.47599983215332,71.93000030517578,101.04000091552734,5620.85009765625,2933.999834375584
2024-08-22,2478.89990234375,29.006000518798828,73.01000213623047,101.51000213623047,5570.64013671875,2933.999834375584
2024-08-23,2508.39990234375,29.785999298095703,74.83000183105469,100.72000122070312,5634.60986328125,2933.999834375584
2024-08-26,2517.699951171875,29.976999282836914,77.41999816894531,100.8499984741211,5616.83984375,2933.999834375584
2024-08-27,2516.0,29.951000213623047,75.52999877929688,100.55000305175781,5625.7998046875,2933.999834375584
2024-08-28,2501.0,29.176000595092773,74.5199966430664,101.08999633789062,5592.18017578125,2933.999834375584
2024-08-29,2525.699951171875,29.55699920654297,75.91000366210938,101.33999633789062,5591.9599609375,2933.999834375584
2024-08-30,2493.800048828125,28.731000900268555,73.55000305175781,101.69999694824219,5648.39990234375,2933.999834375584
2024-09-03,2489.89990234375,27.951000213623047,70.33999633789062,101.83000183105469,5528.93017578125,2933.999834375584
2024-09-04,2493.39990234375,28.16699981689453,69.19999694824219,101.36000061035156,5520.06982421875,2933.999834375584
2024-09-05,2511.39990234375,28.719999313354492,69.1500015258789,101.11000061035156,5503.41015625,2933.999834375584
2024-09-06,2493.5,27.808000564575195,67.66999816894531,101.18000030517578,5408.419921875,2933.999834375584
2024-09-09,2501.800048828125,28.291000366210938,68.70999908447266,101.55000305175781,5471.0498046875,2933.999834375584
2024-09-10,2512.300048828125,28.256999969482422,65.75,101.62999725341797,5495.52001953125,2933.999834375584
2024-09-11,2512.10009765625,28.562999725341797,67.30999755859375,101.68000030517578,5554.1298828125,2933.999834375584
2024-09-12,2551.199951171875,29.743000030517578,68.97000122070312,101.37000274658203,5595.759765625,2933.999834375584
2024-09-13,2581.300048828125,30.698999404907227,68.6500015258789,101.11000061035156,5626.02001953125,2933.999834375584
2024-09-16,2580.39990234375,30.770999908447266,70.08999633789062,100.76000213623047,5633.08984375,2933.999834375584
2024-09-17,2564.300048828125,30.618999481201172,71.19000244140625,100.88999938964844,5634.580078125,2933.999834375584
2024-09-18,2570.699951171875,30.340999603271484,70.91000366210938,100.5999984741211,5618.259765625,2933.999834375584
2024-09-19,2588.0,31.0939998626709,71.94999694824219,100.61000061035156,5713.64013671875,2933.999834375584
2024-09-20,2619.89990234375,31.176000595092773,71.91999816894531,100.72000122070312,5702.5498046875,2933.999834375584
2024-09-23,2626.5,30.767000198364258,70.37000274658203,100.91999816894531,5718.56982421875,2933.999834375584
2024-09-24,2651.199951171875,32.111000061035156,71.55999755859375,100.37000274658203,5732.93017578125,2933.999834375584
2024-09-25,2659.199951171875,31.697999954223633,69.69000244140625,100.91999816894531,5722.259765625,2933.999834375584
2024-09-26,2669.89990234375,32.025001525878906,67.66999816894531,100.55999755859375,5745.3701171875,2933.999834375584
2024-09-27,2644.300048828125,31.518999099731445,68.18000030517578,100.41999816894531,5738.169921875,2933.999834375584
2024-09-30,2636.10009765625,31.163999557495117,68.16999816894531,100.77999877929688,5762.47998046875,2933.999834375584
2024-10-01,2667.300048828125,31.44499969482422,69.83000183105469,101.19000244140625,5708.75,2933.999834375584
2024-10-02,2647.10009765625,31.628000259399414,70.0999984741211,101.68000030517578,5709.5400390625,2933.999834375584
2024-10-03,2657.10009765625,32.18899917602539,73.70999908447266,101.98999786376953,5699.93994140625,2933.999834375584
2024-10-04,2645.800048828125,32.12799835205078,74.37999725341797,102.5199966430664,5751.06982421875,2933.999834375584
2024-10-07,2644.800048828125,31.7450008392334,77.13999938964844,102.54000091552734,5695.93994140625,2933.999834375584
2024-10-08,2615.0,30.354999542236328,73.56999969482422,102.55000305175781,5751.1298828125,2933.999834375584
2024-10-09,2606.0,30.424999237060547,73.23999786376953,102.93000030517578,5792.0400390625,2933.999834375584
2024-10-10,2620.60009765625,31.0049991607666,75.8499984741211,102.98999786376953,5780.0498046875,2933.999834375584
2024-10-11,2657.60009765625,31.520000457763672,75.55999755859375,102.88999938964844,5815.02978515625,2933.999834375584
2024-10-14,2647.800048828125,31.08300018310547,73.83000183105469,103.30000305175781,5859.85009765625,2933.999834375584
2024-10-15,2661.39990234375,31.527000427246094,70.58000183105469,103.26000213623047,5815.259765625,2933.999834375584
2024-10-16,2674.0,31.760000228881836,70.38999938964844,103.58999633789062,5842.47021484375,2933.999834375584
2024-10-17,2691.0,31.572999954223633,70.66999816894531,103.83000183105469,5841.47021484375,2933.999834375584
2024-10-18,2713.699951171875,33.03200149536133,69.22000122070312,103.48999786376953,5864.669921875,2933.999834375584
2024-10-21,2723.10009765625,33.86899948120117,70.55999755859375,104.01000213623047,5853.97998046875,2933.999834375584
2024-10-22,2744.199951171875,34.83100128173828,72.08999633789062,104.08000183105469,5851.2001953125,2933.999834375584
2024-10-23,2714.39990234375,33.63999938964844,70.7699966430664,104.43000030517578,5797.419921875,2933.999834375584
2024-10-24,2734.89990234375,33.611000061035156,70.19000244140625,104.05999755859375,5809.85986328125,2933.999834375584
2024-10-25,2740.89990234375,33.60300064086914,71.77999877929688,104.26000213623047,5808.1201171875,2933.999834375584
2024-10-28,2742.89990234375,33.83000183105469,67.37999725341797,104.31999969482422,5823.52001953125,2933.999834375584
2024-10-29,2768.39990234375,34.26900100708008,67.20999908447266,104.27999877929688,5832.919921875,2933.999834375584
2024-10-30,2788.5,33.91400146484375,68.61000061035156,103.98999786376953,5813.669921875,2933.999834375584
2024-10-31,2738.300048828125,32.65299987792969,69.26000213623047,103.9800033569336,5705.4501953125,2933.999834375584
2024-11-01,2738.60009765625,32.54199981689453,69.48999786376953,104.27999877929688,5728.7998046875,2933.999834375584
2024-11-04,2736.10009765625,32.47999954223633,71.47000122070312,103.88999938964844,5712.68994140625,2933.999834375584
2024-11-05,2740.300048828125,32.654998779296875,71.98999786376953,103.41999816894531,5782.759765625,2933.999834375584
2024-11-06,2667.60009765625,31.22100067138672,71.69000244140625,105.08999633789062,5929.0400390625,2933.999834375584
2024-11-07,2698.39990234375,31.764999389648438,72.36000061035156,104.51000213623047,5973.10009765625,2933.999834375584
2024-11-08,2687.5,31.358999252319336,70.37999725341797,105.0,5995.5400390625,2933.999834375584
2024-11-11,2611.199951171875,30.540000915527344,68.04000091552734,105.54000091552734,6001.35009765625,2933.999834375584
2024-11-12,2600.0,30.68600082397461,68.12000274658203,106.0199966430664,5983.990234375,2933.999834375584
2024-11-13,2580.800048828125,30.59000015258789,68.43000030517578,106.4800033569336,5985.3798828125,2933.999834375584
2024-11-14,2568.199951171875,30.507999420166016,68.69999694824219,106.66999816894531,5949.169921875,2933.999834375584
2024-11-15,2565.699951171875,30.371000289916992,67.0199966430664,106.69000244140625,5870.6201171875,2933.999834375584
2024-11-18,2610.60009765625,31.163000106811523,69.16000366210938,106.27999877929688,5893.6201171875,2933.999834375584
2024-11-19,2627.10009765625,31.20800018310547,69.38999938964844,106.20999908447266,5916.97998046875,2933.999834375584
2024-11-20,2648.199951171875,30.95599937438965,68.87000274658203,106.68000030517578,5917.10986328125,2933.999834375584
2024-11-21,2672.10009765625,30.91200065612793,70.0999984741211,106.97000122070312,5948.7099609375,2933.999834375584
2024-11-22,2709.89990234375,31.30900001525879,71.23999786376953,107.48999786376953,5969.33984375,2933.999834375584
2024-11-25,2616.800048828125,30.209999084472656,68.94000244140625,106.81999969482422,5987.3701171875,2933.999834375584
2024-11-26,2620.300048828125,30.38800048828125,68.7699966430664,107.01000213623047,6021.6298828125,2933.999834375584
2024-11-27,2639.89990234375,30.111000061035156,68.72000122070312,106.08000183105469,5998.740234375,2933.999834375584
2024-11-29,2657.0,30.684999465942383,68.0,105.73999786376953,6032.3798828125,2933.999834375584
2024-12-02,2634.89990234375,30.448999404907227,68.0999984741211,106.44999694824219,6047.14990234375,2933.999834375584
2024-12-03,2644.699951171875,31.07699966430664,69.94000244140625,106.37000274658203,6049.8798828125,2933.999834375584
2024-12-04,2653.800048828125,31.5049991607666,68.54000091552734,106.33999633789062,6086.490234375,2933.999834375584
2024-12-05,2626.60009765625,31.134000778198242,68.30000305175781,105.70999908447266,6075.10986328125,2933.999834375584
2024-12-06,2638.60009765625,31.18600082397461,67.19999694824219,105.97000122070312,6090.27001953125,2933.999834375584
2024-12-09,2664.89990234375,32.215999603271484,68.37000274658203,106.1500015258789,6052.85009765625,2933.999834375584
2024-12-10,2697.60009765625,32.362998962402344,68.58999633789062,106.4000015258789,6034.91015625,2933.999834375584
2024-12-11,2733.800048828125,32.5620002746582,70.29000091552734,106.70999908447266,6084.18994140625,2933.999834375584
2024-12-12,2687.5,31.22800064086914,70.0199966430664,106.95999908447266,6051.25,2933.999834375584
2024-12-13,2656.0,30.655000686645508,71.29000091552734,107.0,6051.08984375,2933.999834375584
2024-12-16,2651.39990234375,30.69700050354004,70.70999908447266,106.86000061035156,6074.080078125,2933.999834375584
2024-12-17,2644.39990234375,30.572999954223633,70.08000183105469,106.95999908447266,6050.60986328125,2933.999834375584
2024-12-18,2636.5,30.40999984741211,70.58000183105469,108.02999877929688,5872.16015625,2933.999834375584
2024-12-19,2592.199951171875,29.0939998626709,69.91000366210938,108.41000366210938,5867.080078125,2933.999834375584
2024-12-20,2628.699951171875,29.65999984741211,69.45999908447266,107.62000274658203,5930.85009765625,2933.999834375584
2024-12-23,2612.300048828125,29.88800048828125,69.23999786376953,108.04000091552734,5974.06982421875,2933.999834375584
2024-12-24,2620.0,29.974000930786133,70.0999984741211,108.26000213623047,6040.0400390625,2933.999834375584
2024-12-26,2638.800048828125,30.047000885009766,69.62000274658203,108.12999725341797,6037.58984375,2933.999834375584
2024-12-27,2617.199951171875,29.655000686645508,70.5999984741211,108.0,5970.83984375,2933.999834375584
2024-12-30,2606.10009765625,29.106000900268555,70.98999786376953,108.12999725341797,5906.93994140625,2933.999834375584
2024-12-31,2629.199951171875,28.940000534057617,71.72000122070312,108.48999786376953,5881.6298828125,2933.999834375584
2025-01-02,2658.89990234375,29.621999740600586,73.12999725341797,109.38999938964844,5868.5498046875,2933.999834375584
2025-01-03,2645.0,29.805999755859375,73.95999908447266,108.94999694824219,5942.47021484375,2933.999834375584
2025-01-06,2638.39990234375,30.341999053955078,73.55999755859375,108.26000213623047,5975.3798828125,2933.999834375584
2025-01-07,2656.699951171875,30.44700050354004,74.25,108.54000091552734,5909.02978515625,2933.999834375584
2025-01-08,2664.5,30.45199966430664,73.31999969482422,109.08999633789062,5918.25,2933.999834375584
2025-01-09,2683.800048828125,30.791000366210938,73.91999816894531,109.18000030517578,,2933.999834375584
2025-01-10,2708.5,31.090999603271484,76.56999969482422,109.6500015258789,5827.0400390625,2933.999834375584
2025-01-13,2673.5,30.090999603271484,78.81999969482422,109.95999908447266,5836.22021484375,2933.999834375584
2025-01-14,2677.5,30.131999969482422,77.5,109.2699966430664,5842.91015625,2933.999834375584
2025-01-15,2712.5,31.319000244140625,80.04000091552734,109.08999633789062,5949.91015625,2933.999834375584
2025-01-16,2746.39990234375,31.523000717163086,78.68000030517578,108.95999908447266,5937.33984375,2933.999834375584
2025-01-17,2744.300048828125,30.951000213623047,77.87999725341797,109.3499984741211,5996.66015625,2933.999834375584
2025-01-21,2755.0,31.31100082397461,75.88999938964844,108.05999755859375,6049.240234375,2933.999834375584
2025-01-22,2767.60009765625,31.23900032043457,75.44000244140625,108.16999816894531,6086.3701171875,2933.999834375584
2025-01-23,2763.10009765625,30.67300033569336,74.62000274658203,108.05000305175781,6118.7099609375,2933.999834375584
2025-01-24,2777.300048828125,31.023000717163086,74.66000366210938,107.44000244140625,6101.240234375,2933.999834375584
2025-01-27,2737.5,30.253999710083008,73.16999816894531,107.33999633789062,6012.27978515625,2933.999834375584
2025-01-28,2766.800048828125,30.726999282836914,73.7699966430664,107.87000274658203,6067.7001953125,2933.999834375584
2025-01-29,2769.10009765625,31.238000869750977,72.62000274658203,108.0,6039.31005859375,2933.999834375584
2025-01-30,2823.0,32.36399841308594,72.7300033569336,107.80000305175781,6071.169921875,2933.999834375584
2025-01-31,2812.5,32.12799835205078,72.52999877929688,108.37000274658203,6040.52978515625,2933.999834375584
2025-02-03,2833.89990234375,32.391998291015625,73.16000366210938,108.98999786376953,5994.56982421875,2933.999834375584
2025-02-04,2853.300048828125,32.88800048828125,72.69999694824219,107.95999908447266,6037.8798828125,2933.999834375584
2025-02-05,2871.60009765625,32.856998443603516,71.02999877929688,107.58000183105469,6061.47998046875,2933.999834375584
2025-02-06,2856.0,32.518001556396484,70.61000061035156,107.69000244140625,6083.56982421875,2933.999834375584
2025-02-07,2867.300048828125,32.334999084472656,71.0,108.04000091552734,6025.990234375,2933.999834375584
2025-02-10,2914.300048828125,32.391998291015625,72.31999969482422,108.31999969482422,6066.43994140625,2933.999834375584
2025-02-11,2912.5,32.23099899291992,73.31999969482422,107.95999908447266,6068.5,2933.999834375584
2025-02-12,2909.0,32.69499969482422,71.37000274658203,107.94000244140625,6051.97021484375,2933.999834375584
2025-02-13,2925.89990234375,32.650001525878906,71.29000091552734,107.30999755859375,6115.06982421875,2933.999834375584
2025-02-14,2883.60009765625,32.80099868774414,70.73999786376953,106.56999969482422,6114.6298828125,2933.999834375584
2025-02-17,2894.699951171875,32.7599983215332,71.38999938964844,,,2933.999834375584
2025-02-18,2931.60009765625,33.31700134277344,71.8499984741211,107.05000305175781,6129.580078125,2933.999834375584
2025-02-19,2919.39990234375,32.99300003051758,72.25,107.16999816894531,6144.14990234375,2933.999834375584
2025-02-20,2940.0,33.444000244140625,72.56999969482422,106.33999633789062,6117.52001953125,2933.999834375584
2025-02-21,2937.60009765625,32.97600173950195,70.4000015258789,106.61000061035156,6013.1298828125,2933.999834375584
