Gold,Silver,Crude Oil,DXY,S&P500
1524.9000244140625,12.468999862670898,26.950000762939453,99.58000183105467,2529.189941
1477.300048828125,11.734999656677246,20.37000084,101.16000366210938,2398.100098
1478.5999755859375,12.097000122070312,25.21999931335449,102.76000213623048,2409.389892578125
1484.0,12.348999977111816,22.43000030517578,102.81999969482422,2304.919922
1567.0,13.225000381469728,23.36000061035156,102.48999786376952,2237.399902
1660.199951171875,14.229000091552734,24.01000022888184,101.73999786376952,2447.330078
1632.300048828125,14.836999893188477,24.489999771118164,101.0500030517578,2475.560059
1650.0999755859375,14.640000343322754,22.600000381469727,99.41999816894533,2630.070068359375
1623.9000244140625,14.498000144958496,21.51000022888184,98.37000274658205,2541.469970703125
1622.0,14.074000358581545,20.09000015258789,99.18000030517578,2626.649902
1583.4000244140625,14.097999572753906,20.479999542236328,99.0500030517578,2584.590087890625
1578.199951171875,13.925999641418455,20.309999465942383,99.66999816894533,2470.5
1625.699951171875,14.595999717712402,25.31999969482422,100.18000030517578,2526.899902
1633.699951171875,14.435999870300291,28.34000015258789,100.58000183105467,2488.649902
1677.0,15.111000061035156,26.07999992370605,100.69000244140624,2663.679931640625
1664.800048828125,15.42199993133545,23.62999916,99.98000336,2659.409912109375
1665.4000244140625,15.147000312805176,25.09000015258789,100.12000274658205,2749.97998
1736.199951171875,15.994999885559082,22.76000022888184,99.51999664,2789.820068359375
1744.800048828125,15.479000091552734,22.40999984741211,99.34999847,2761.629883
1756.699951171875,16.07200050354004,20.11000061035156,98.88999938964844,2846.060059
1727.199951171875,15.446999549865724,19.87000084,99.45999908447266,2783.360107421875
1720.4000244140625,15.564000129699709,19.87000084,100.02999877929688,2799.550048828125
1689.199951171875,15.237000465393066,18.270000457763672,99.77999877929688,2874.560059
1701.5999755859375,15.555999755859377,-37.63000107,99.95999908447266,2823.159912109375
1678.199951171875,14.817999839782717,10.010000228881836,100.26000213623048,2736.560059
1728.699951171875,15.277000427246094,13.779999732971191,100.38999938964844,2799.310059
1733.300048828125,15.347999572753906,16.5,100.43000030517578,2797.800048828125
1723.5,15.253999710083008,16.940000534057617,100.37999725341795,2836.739990234375
1711.9000244140625,15.201000213623049,12.779999732971191,100.04000091552734,2878.47998
1710.5,15.161999702453612,12.34000015258789,99.87000274658205,2863.389892578125
1703.4000244140625,15.15999984741211,15.06000042,99.56999969482422,2939.510009765625
1684.199951171875,14.89799976348877,18.84000015258789,99.01999664,2912.429931640625
1694.5,14.86299991607666,19.780000686645508,98.8000030517578,2830.709961
1706.9000244140625,14.722000122070312,20.38999938964844,99.48000336,2842.739990234375
1704.4000244140625,15.057000160217283,24.559999465942383,99.70999908447266,2868.439941
1684.199951171875,14.987000465393066,23.989999771118164,100.08999633789062,2848.419922
1721.800048828125,15.562000274658203,23.549999237060547,99.88999938964844,2881.189941
1709.9000244140625,15.739999771118164,24.739999771118164,99.73000336,2929.800048828125
1695.300048828125,15.63599967956543,24.13999938964844,100.23999786376952,2930.189941
1704.4000244140625,15.687000274658203,25.780000686645508,99.93000030517578,2870.120117
1713.9000244140625,15.663000106811523,25.290000915527344,100.23999786376952,2820.0
1738.0999755859375,16.13599967956543,27.559999465942383,100.47000122070312,2852.5
1753.4000244140625,17.04599952697754,29.43000030517578,100.4000015258789,2863.699951171875
1731.800048828125,17.464000701904297,31.81999969482422,99.66999816894533,2953.909912109375
1744.199951171875,17.892000198364258,32.5,99.37000274658205,2922.939941
1750.5999755859375,18.00200080871582,33.49000168,99.12000274658205,2971.610107421875
1720.5,17.334999084472656,33.91999816894531,99.37000274658205,2948.510009765625
1734.5999755859375,17.663999557495117,33.25,99.86000061035156,2955.449951171875
1704.800048828125,17.565000534057617,34.349998474121094,98.91000366210938,2991.77002
1710.300048828125,17.68600082397461,32.810001373291016,99.05999755859376,3036.129883
1713.300048828125,17.895000457763672,33.709999084472656,98.37999725341795,3029.72998
1736.9000244140625,18.440000534057617,35.49000168,98.33999633789062,3044.310059
1737.800048828125,18.76799964904785,35.439998626708984,97.83000183105467,3055.72998
1725.199951171875,18.207000732421875,36.810001373291016,97.66999816894533,3080.820068359375
1697.800048828125,17.92099952697754,37.290000915527344,97.27999877929688,3122.870117
1718.9000244140625,18.02400016784668,37.40999984741211,96.68000030517578,3112.350098
1676.199951171875,17.44300079345703,39.54999923706055,96.94000244140624,3193.929931640625
1698.300048828125,17.868000030517578,38.18999862670898,96.62000274658205,3232.389892578125
1714.699951171875,17.77400016784668,38.93999862670898,96.31999969482422,3207.179931640625
1713.300048828125,17.775999069213867,39.59999847412109,95.95999908447266,3190.139892578125
1732.0,17.868999481201172,36.34000015258789,96.73000336,3002.100098
1729.300048828125,17.461999893188477,36.25999832,97.31999969482422,3041.310059
1720.300048828125,17.378999710083008,37.119998931884766,96.68000030517578,3066.590087890625
1729.5999755859375,17.631999969482422,38.380001068115234,96.95999908447266,3124.739990234375
1729.199951171875,17.756999969482422,37.959999084472656,97.16000366210938,3113.489990234375
1724.800048828125,17.493000030517578,38.84000015258789,97.41999816894533,3115.340087890625
1745.9000244140625,17.832000732421875,39.75,97.62000274658205,3097.739990234375
1756.699951171875,17.886999130249023,40.459999084472656,97.04000091552734,3117.860107421875
1772.0999755859375,18.051000595092773,40.369998931884766,96.69000244140624,3131.290039
1765.800048828125,17.658000946044922,38.00999832,97.15000153,3050.330078
1762.0999755859375,17.882999420166016,38.720001220703125,97.43000030517578,3083.760009765625
1772.5,18.02300071716309,38.49000168,97.5,3009.050048828125
1774.800048828125,17.979999542236328,39.70000076293945,97.54000091552734,3053.239990234375
1793.0,18.541000366210938,39.27000045776367,97.38999938964844,3100.290039
1773.199951171875,18.132999420166016,39.81999969482422,97.1999969482422,3115.860107421875
1784.0,18.24399948120117,40.650001525878906,97.31999969482422,3130.010009765625
1788.5,18.503999710083008,40.630001068115234,96.79000091552734,3179.719970703125
1804.199951171875,18.62800025939941,40.619998931884766,96.87999725341795,3145.320068359375
1815.5,19.08099937438965,40.900001525878906,96.43000030517578,3169.939941
1799.199951171875,18.881999969482425,39.619998931884766,96.6999969482422,3152.050048828125
1798.199951171875,18.982999801635746,40.54999923706055,96.65000153,3185.040039
1811.0,19.708999633789062,40.09999847412109,96.45999908447266,3155.219970703125
1810.5999755859373,19.451000213623047,40.290000915527344,96.26000213623048,3197.52002
1811.4000244140625,19.684999465942383,41.20000076293945,96.08000183105467,3226.560059
1798.699951171875,19.496999740600582,40.75,96.34999847,3215.570068359375
1808.300048828125,19.684999465942383,40.59000015258789,95.94000244140624,3224.72998
1815.9000244140625,20.124000549316406,40.810001373291016,95.83000183105467,3251.840087890625
1842.4000244140625,21.496999740600582,41.959999084472656,95.12000274658205,3257.300048828125
1864.0999755859373,23.08300018310547,41.900001525878906,94.97000122070312,3276.02002
1889.0999755859373,22.94499969482422,41.06999969482422,94.69000244140624,3235.659912109375
1897.300048828125,22.808000564575195,41.290000915527344,94.44000244140624,3215.629883
1931.0,24.47599983215332,41.59999847412109,93.66999816894533,3239.409912109375
1944.699951171875,24.266000747680664,41.040000915527344,93.76000213623048,3218.439941
1953.5,24.292999267578125,41.27000045776367,93.26000213623048,3258.439941
1942.300048828125,23.34000015258789,39.91999816894531,93.01999664,3246.219970703125
1962.800048828125,24.18899917602539,40.27000045776367,93.48999786376952,3271.120117
1966.0,24.38999938964844,41.00999832,93.5,3294.610107421875
2001.199951171875,26.011999130249023,41.70000076293945,93.37999725341795,3306.510009765625
2031.0999755859373,26.87700080871582,42.18999862670898,92.83000183105467,3327.77002
2051.5,28.386999130249023,41.95000076293945,92.79000091552734,3349.159912109375
2010.0999755859373,27.53300094604492,41.220001220703125,93.44000244140624,3351.280029296875
2024.4000244140625,29.249000549316406,41.93999862670898,93.58000183105467,3360.469970703125
1932.5999755859373,26.03700065612793,41.61000061035156,93.62999725341795,3333.689941
1934.9000244140625,25.95499992370605,42.66999816894531,93.44000244140624,3380.350098
1956.699951171875,27.694000244140625,42.24000168,93.33999633789062,3373.429931640625
1937.0,26.065000534057617,42.00999832,93.09999847,3372.850098
1985.0,27.64299964904785,42.88999938964844,92.84999847,3381.989990234375
1999.4000244140625,28.048999786376957,42.88999938964844,92.26999664,3389.780029296875
1958.699951171875,27.315000534057617,42.93000030517578,92.88999938964844,3374.850098
1933.800048828125,27.121999740600582,42.58000183105469,92.79000091552734,3385.510009765625
1934.5999755859373,26.707000732421875,42.34000015258789,93.25,3397.159912109375
1927.699951171875,26.58799934387207,42.619998931884766,93.3000030517578,3431.280029296875
1911.800048828125,26.253999710083008,43.34999847412109,93.01999664,3443.620117
1940.699951171875,27.43000030517578,43.38999938964844,93.01000213623048,3478.72998
1921.5999755859373,27.01000022888184,43.040000915527344,93.01000213623048,3484.550048828125
1964.5999755859373,27.61000061035156,42.970001220703125,92.37000274658205,3508.010009765625
1967.5999755859373,28.437000274658203,42.61000061035156,92.13999938964844,3500.310059
1968.199951171875,28.48600006103516,42.75999832,92.33999633789062,3526.649902
1934.4000244140625,27.249000549316406,41.50999832,92.84999847,3580.840087890625
1927.5999755859373,26.73500061035156,41.369998931884766,92.73999786376952,3455.060059
1923.9000244140625,26.576000213623047,39.77000045776367,92.72000122070312,3426.959961
1933.0,26.86400032043457,36.75999832,93.48000336,3331.840087890625
1944.699951171875,26.95499992370605,38.04999923706055,93.26000213623048,3398.959961
1954.199951171875,27.163000106811523,37.29999923706055,93.33999633789062,3339.189941
1937.800048828125,26.73900032043457,37.33000183105469,93.33000183105467,3340.969970703125
1953.0999755859373,27.22900009155273,37.25999832,93.06999969482422,3383.540039
1956.300048828125,27.34600067138672,38.27999877929688,93.0500030517578,3401.199951171875
1960.199951171875,27.354999542236328,40.15999984741211,93.20999908447266,3385.489990234375
1940.0,26.98500061035156,40.970001220703125,92.97000122070312,3357.010009765625
1952.0999755859373,27.027999877929688,41.11000061035156,92.93000030517578,3319.469970703125
1901.199951171875,24.298999786376957,39.310001373291016,93.54000091552734,3281.060059
1898.5999755859373,24.441999435424805,39.59999847412109,93.98999786376952,3315.570068359375
1859.9000244140625,23.013999938964844,39.93000030517578,94.38999938964844,3236.919922
1868.300048828125,23.118000030517575,40.310001373291016,94.34999847,3246.590087890625
1857.699951171875,23.017000198364254,40.25,94.58000183105467,3298.459961
1872.800048828125,23.527999877929688,40.59999847412109,94.26000213623048,3351.600098
1894.300048828125,24.37999916,39.290000915527344,93.88999938964844,3335.469970703125
1887.5,23.433000564575195,40.220001220703125,93.88999938964844,3363.0
1908.4000244140625,24.19300079345703,38.720001220703125,93.70999908447266,3380.800048828125
1900.199951171875,23.97100067138672,37.04999923706055,93.83999633789062,3348.419922
1912.5,24.50200080871582,39.220001220703125,93.51000213623048,3408.600098
1901.0999755859373,23.87000084,40.66999816894531,93.83000183105467,3360.969970703125
1883.5999755859373,23.847999572753903,39.95000076293945,93.62999725341795,3419.439941
1888.5999755859373,23.83699989318848,41.18999862670898,93.61000061035156,3446.830078
1919.5,25.069000244140625,40.59999847412109,93.05999755859376,3477.139892578125
1922.5,25.22599983215332,39.43000030517578,93.06999969482422,3534.219970703125
1888.5,24.086000442504883,40.20000076293945,93.52999877929688,3511.929931640625
1901.300048828125,24.36400032043457,41.040000915527344,93.37999725341795,3488.669922
1903.199951171875,24.19300079345703,40.959999084472656,93.86000061035156,3483.340087890625
1900.800048828125,24.36899948120117,40.880001068115234,93.68000030517578,3483.810059
1906.4000244140625,24.65699958801269,40.83000183105469,93.43000030517578,3426.919922
1910.4000244140625,24.937000274658203,41.459999084472656,93.06999969482422,3443.120117
1924.5999755859373,25.19700050354004,40.02999877929688,92.61000061035156,3435.560059
1901.0999755859373,24.665000915527344,40.63999938964844,92.9499969482422,3453.489990234375
1902.0,24.62700080871582,39.84999847412109,92.76999664,3465.389892578125
1902.699951171875,24.375999450683597,38.560001373291016,93.0500030517578,3400.969970703125
1908.800048828125,24.525999069213867,39.56999969482422,92.94000244140624,3390.679931640625
1876.199951171875,23.323999404907227,37.38999938964844,93.41000366210938,3271.030029296875
1865.5999755859373,23.339000701904297,36.16999816894531,93.95999908447266,3310.110107421875
1877.4000244140625,23.617000579833984,35.790000915527344,94.04000091552734,3269.959961
1890.4000244140625,24.006000518798828,36.810001373291016,94.0500030517578,3310.239990234375
1908.5,24.30500030517578,37.65999984741211,93.5500030517578,3369.159912109375
1894.5999755859373,23.86400032043457,39.150001525878906,93.41000366210938,3443.439941
1945.300048828125,25.17099952697754,38.790000915527344,92.52999877929688,3510.449951171875
1950.300048828125,25.645999908447266,37.13999938964844,92.23000336,3509.439941
1853.199951171875,23.684999465942383,40.290000915527344,92.73000336,3550.5
1875.4000244140625,24.44599914550781,41.36000061035156,92.75,3545.530029296875
1860.699951171875,24.250999450683597,41.45000076293945,93.04000091552734,3572.659912109375
1872.5999755859373,24.290000915527344,41.119998931884766,92.95999908447266,3537.010009765625
1885.699951171875,24.75900077819824,40.130001068115234,92.76000213623048,3585.149902
1887.300048828125,24.785999298095703,41.34000015258789,92.56999969482422,3626.909912109375
1884.5,24.63500022888184,41.43000030517578,92.41999816894533,3609.530029296875
1873.5,24.433000564575195,41.81999969482422,92.31999969482422,3567.790039
1861.0999755859373,24.03300094604492,41.74000168,92.29000091552734,3581.870117
1872.5999755859373,24.347999572753903,42.150001525878906,92.38999938964844,3557.540039
1837.800048828125,23.624000549316406,43.060001373291016,92.51000213623048,3577.590087890625
1804.800048828125,23.29199981689453,44.90999984741211,92.23000336,3635.409912109375
1805.699951171875,23.356000900268555,45.709999084472656,91.98999786376952,3629.649902
1781.9000244140625,22.55299949645996,45.52999877929688,91.79000091552734,3638.350098
1775.699951171875,22.53400039672852,45.34000015258789,91.87000274658205,3621.629883
1814.0999755859373,24.03300094604492,44.54999923706055,91.30999755859376,3662.449951171875
1825.699951171875,24.024999618530277,45.27999877929688,91.12000274658205,3669.010009765625
1836.800048828125,24.08699989318848,45.63999938964844,90.70999908447266,3666.719970703125
1835.9000244140625,24.202999114990234,46.25999832,90.6999969482422,3699.120117
1861.800048828125,24.74099922180176,45.75999832,90.79000091552734,3691.959961
1870.800048828125,24.68400001525879,45.59999847412109,90.97000122070312,3702.25
1834.5999755859373,23.93000030517578,45.52000045776367,91.08999633789062,3672.820068359375
1833.5999755859373,24.03100014,46.77999877929688,90.79000091552734,3668.100098
1839.800048828125,24.03199958801269,46.56999969482422,90.98000336,3663.459961
1828.699951171875,23.98500061035156,46.99000168,90.70999908447266,3647.489990234375
1852.300048828125,24.58099937438965,47.619998931884766,90.47000122070312,3694.620117
1856.0999755859373,24.98500061035156,47.81999969482422,90.4499969482422,3701.169922
1887.199951171875,26.100000381469727,48.36000061035156,89.81999969482422,3722.47998
1885.699951171875,25.948999404907227,49.09999847412109,90.01999664,3709.409912109375
1879.199951171875,26.277999877929688,47.74000168,90.04000091552734,3694.919922
1866.5999755859373,25.43400001525879,47.02000045776367,90.65000153,3687.260009765625
1874.699951171875,25.823999404907227,48.119998931884766,90.41000366210938,3690.010009765625
1879.9000244140625,25.81100082397461,48.22999954223633,90.33000183105467,3703.060059
1877.199951171875,26.459999084472656,47.619998931884766,90.33999633789062,3735.360107421875
1879.699951171875,26.13800048828125,48.0,90.01000213623047,3727.040039
1891.0,26.488000869750977,48.400001525878906,89.62999725341797,3732.040039
1893.0999755859373,26.332000732421875,48.52000045776367,89.94000244140625,3756.070068359375
1944.699951171875,27.28400039672852,47.619998931884766,89.87999725341797,3700.649902
1952.699951171875,27.57099914550781,49.93000030517578,89.44000244140625,3726.860107421875
1906.9000244140625,26.972999572753903,50.630001068115234,89.52999877929688,3748.139892578125
1912.300048828125,27.200000762939453,50.83000183105469,89.83000183105469,3803.790039
1834.0999755859373,24.582000732421875,52.24000168,90.09999847,3824.679931640625
1849.5999755859373,25.23900032043457,52.25,90.54000091552734,3799.610107421875
1842.9000244140625,25.38400077819824,53.209999084472656,90.05000305175781,3801.189941
1853.5999755859373,25.520000457763672,52.90999984741211,90.31999969482422,3809.840087890625
1850.300048828125,25.746000289916992,53.56999969482422,90.23999786376952,3795.540039
1829.300048828125,24.825000762939453,52.36000061035156,90.77999877929688,3768.25
1839.5,25.27899932861328,52.97999954223633,90.5,3798.909912109375
1865.9000244140625,25.733999252319336,53.24000168,90.47000122070312,3851.850098
1865.300048828125,25.82200050354004,53.130001068115234,90.12999725341795,3853.070068359375
1855.699951171875,25.52400016784668,52.27000045776367,90.23999786376952,3841.469970703125
1854.9000244140625,25.45499992370605,52.77000045776367,90.38999938964844,3855.360107421875
1850.699951171875,25.52899932861328,52.61000061035156,90.16999816894533,3849.620117
1844.9000244140625,25.375999450683597,52.84999847412109,90.65000153,3750.77002
1837.9000244140625,25.90900039672852,52.34000015258789,90.45999908447266,3787.379883
1847.300048828125,26.899999618530277,52.20000076293945,90.58000183105467,3714.239990234375
1860.800048828125,29.39800071716309,53.54999923706055,91.01999664,3773.860107421875
1830.5,26.38400077819824,54.75999832,91.1999969482422,3826.310059
1832.199951171875,26.87800025939941,55.68999862670898,91.12000274658205,3830.169922
1788.9000244140625,26.222999572753903,56.22999954223633,91.52999877929688,3871.739990234375
1810.9000244140625,27.013999938964844,56.84999847412109,91.04000091552734,3886.830078
1831.9000244140625,27.56999969482422,57.970001220703125,90.93000030517578,3915.590087890625
1835.300048828125,27.395999908447266,58.36000061035156,90.44000244140624,3911.22998
1840.5999755859373,27.073999404907227,58.68000030517578,90.37000274658205,3909.879883
1824.9000244140625,27.04199981689453,58.24000168,90.41999816894533,3916.379883
1821.5999755859373,27.322999954223636,59.470001220703125,90.48000336,3934.830078
1797.199951171875,27.319000244140625,60.04999923706055,90.51000213623048,3932.590087890625
1771.0999755859375,27.31399917602539,61.13999938964844,90.9499969482422,3931.330078
1773.4000244140625,27.07699966430664,60.52000045776367,90.58999633789062,3913.969970703125
1775.800048828125,27.25200080871582,59.24000168,90.36000061035156,3906.709961
1806.699951171875,28.08300018310547,61.49000168,90.01000213623047,3876.5
1804.4000244140625,27.68600082397461,61.66999816894531,90.16999816894533,3881.370117
1796.4000244140625,27.85700035095215,63.220001220703125,90.18000030517578,3925.429931640625
1774.4000244140625,27.636999130249023,63.52999877929688,90.12999725341795,3829.340087890625
1728.0999755859375,26.402000427246094,61.5,90.93000030517578,3811.149902
1722.5,26.64699935913086,60.63999938964844,91.04000091552734,3901.820068359375
1733.0999755859375,26.850000381469727,59.75,90.79000091552734,3870.290039
1715.300048828125,26.35700035095215,61.27999877929688,90.9499969482422,3819.719970703125
1700.199951171875,25.43400001525879,63.83000183105469,91.62999725341795,3768.469970703125
1698.0,25.256999969482425,66.08999633789062,91.98000336,3841.939941
1677.699951171875,25.239999771118164,65.05000305175781,92.30999755859376,3821.350098
1716.5999755859375,26.14800071716309,64.01000213623047,91.95999908447266,3875.439941
1721.5,26.101999282836918,64.44000244140625,91.79000091552734,3898.810059
1722.300048828125,26.16200065612793,66.01999664,91.41999816894533,3939.340087890625
1719.5,25.87999916,65.61000061035156,91.68000030517578,3943.340087890625
1728.9000244140625,26.25300025939941,65.38999938964844,91.83000183105467,3968.939941
1730.5999755859375,25.974000930786133,64.80000305175781,91.87000274658205,3962.709961
1726.800048828125,26.030000686645508,64.59999847,91.40000153,3974.120117
1732.199951171875,26.32099914550781,60.0,91.84999847,3915.459961
1741.4000244140625,26.29199981689453,61.41999816894531,91.91999816894533,3913.100098
1737.800048828125,25.74099922180176,61.54999923706055,91.8000030517578,3940.590087890625
1724.699951171875,25.200000762939453,57.75999832,92.33999633789062,3910.52002
1732.9000244140625,25.201000213623047,61.18000030517578,92.52999877929688,3889.139892578125
1724.9000244140625,25.02199935913086,58.560001373291016,92.87999725341795,3909.52002
1732.199951171875,25.09199905395508,60.970001220703125,92.76999664,3974.540039
1712.0999755859375,24.746999740600582,61.560001373291016,92.94000244140624,3971.090087890625
1683.9000244140625,24.121000289916992,60.54999923706055,93.3000030517578,3958.550048828125
1713.800048828125,24.517000198364254,59.15999984741211,93.23000336,3972.889892578125
1726.5,24.934999465942383,61.45000076293945,92.93000030517578,4019.870117
1727.0,24.76300048828125,58.650001525878906,92.59999847,4077.909912109375
1741.5,25.21199989318848,59.33000183105469,92.33999633789062,4073.939941
1740.0999755859375,25.232999801635746,59.77000045776367,92.45999908447266,4079.949951171875
1756.800048828125,25.569000244140625,59.59999847412109,92.05999755859376,4097.169922
1743.300048828125,25.31100082397461,59.31999969482422,92.16000366210938,4128.799805
1731.199951171875,24.85300064086914,59.70000076293945,92.13999938964844,4127.990234
1746.199951171875,25.41699981689453,60.18000030517578,91.84999847,4141.589844
1734.9000244140625,25.51499938964844,63.150001525878906,91.69000244140624,4124.660156
1765.4000244140625,25.95599937438965,63.459999084472656,91.66999816894533,4170.419922
1779.0,26.099000930786133,63.130001068115234,91.55999755859376,4185.470215
1769.4000244140625,25.83099937438965,63.380001068115234,91.06999969482422,4163.259766
1777.300048828125,25.834999084472656,62.43999862670898,91.23999786376952,4134.939941
1792.300048828125,26.565000534057617,61.34999847412109,91.16000366210938,4173.419922
1781.199951171875,26.173999786376957,61.43000030517578,91.33000183105467,4134.97998
1777.0,26.07699966430664,62.13999938964844,90.86000061035156,4180.169922
1779.199951171875,26.211000442504883,61.90999984741211,90.80999755859376,4187.620117
1778.0,26.41200065612793,62.93999862670898,90.91000366210938,4186.720215
1773.199951171875,26.08099937438965,63.86000061035156,90.61000061035156,4183.180176
1768.0999755859375,26.05299949645996,65.01000213623047,90.61000061035156,4211.470215
1767.300048828125,25.85300064086914,63.58000183105469,91.27999877929688,4181.169922
1791.4000244140625,26.94300079345703,64.48999786376953,90.9499969482422,4192.660156
1775.800048828125,26.53899955749512,65.69000244140625,91.29000091552734,4164.660156
1784.0999755859375,26.50200080871582,65.62999725341797,91.30999755859376,4167.589844
1815.5,27.46199989318848,64.70999908447266,90.9499969482422,4201.620117
1831.0999755859373,27.46199989318848,64.90000153,90.23000336,4232.600098
1837.5,27.47900009155273,64.91999816894531,90.20999908447266,4188.430176
1835.9000244140625,27.65699958801269,65.27999877929688,90.13999938964844,4152.100098
1822.5999755859373,27.231000900268555,66.08000183105469,90.70999908447266,4063.040039
1823.800048828125,27.04400062561035,63.81999969482422,90.75,4112.5
1837.9000244140625,27.35300064086914,65.37000274658203,90.31999969482422,4173.850098
1867.5,28.26000022888184,66.26999664,90.22000122070312,4163.290039
1867.800048828125,28.31399917602539,65.48999786376953,89.75,4127.830078
1881.300048828125,28.007999420166016,63.36000061035156,90.19000244140624,4115.680176
1881.800048828125,28.052000045776367,62.04999923706055,89.80999755859375,4159.120117
1876.699951171875,27.472999572753903,63.58000183105469,90.01999664,4155.859863
1884.5999755859373,27.886999130249023,66.05000305175781,89.83000183105469,4197.049805
1898.0999755859373,28.03700065612793,66.06999969482422,89.63999938964844,4188.129883
1901.300048828125,27.85300064086914,66.20999908447266,90.04000091552734,4195.990234
1895.699951171875,27.91900062561035,66.84999847,89.97000122070312,4200.879883
1902.5,27.993000030517575,66.31999969482422,90.02999877929688,4204.109863
1902.9000244140625,28.08300018310547,67.72000122070312,89.83000183105469,4202.040039
1907.5,28.18600082397461,68.83000183105469,89.90000153,4208.120117
1871.199951171875,27.459999084472656,68.80999755859375,90.5,4192.850098
1889.800048828125,27.878999710083008,69.62000274658203,90.13999938964844,4229.890137
1896.800048828125,28.000999450683597,69.23000336,89.94999694824219,4226.52002
1892.199951171875,27.71500015258789,70.05000305175781,90.08000183105467,4227.259766
1893.199951171875,27.98500061035156,69.95999908447266,90.12000274658205,4219.549805
1894.199951171875,28.01499938964844,70.29000091552734,90.08000183105467,4239.180176
1877.4000244140625,28.131000518798828,70.91000366210938,90.55999755859376,4247.439941
1864.0,28.02400016784668,70.87999725341797,90.51999664,4255.149902
1854.5,27.679000854492188,72.12000274658203,90.54000091552734,4246.589844
1859.5,27.799999237060547,72.15000153,91.12999725341795,4223.700195
1773.800048828125,25.84399986,71.04000091552734,91.88999938964844,4221.859863
1767.9000244140625,25.95800018310547,71.63999938964844,92.23000336,4166.450195
1781.800048828125,26.01499938964844,73.66000366210938,91.86000061035156,4224.790039
1776.300048828125,25.847999572753903,73.05999755859375,91.73000336,4246.439941
1782.300048828125,26.107999801635746,73.08000183105469,91.8000030517578,4241.839844
1775.5999755859375,26.04700088500977,73.30000305175781,91.81999969482422,4266.490234
1776.5999755859375,26.082000732421875,74.05000305175781,91.80999755859376,4280.700195
1779.5999755859375,26.218000411987305,72.91000366210938,91.87999725341795,4290.609863
1762.800048828125,25.871999740600582,72.98000336,92.0500030517578,4291.799805
1770.800048828125,26.165000915527344,73.47000122070312,92.44000244140624,4297.5
1775.9000244140625,26.075000762939453,75.23000336,92.59999847,4319.939941
1782.5999755859375,26.481000900268555,75.16000366210938,92.23000336,4352.339844
1793.5,26.15399932861328,73.37000274658203,92.5500030517578,4343.540039
1801.5,26.11000061035156,72.19999694824219,92.63999938964844,4358.129883
1799.5999755859375,25.96699905395508,72.94000244140625,92.36000061035156,4320.819824
1810.0,26.211000442504883,74.55999755859375,92.12999725341795,4369.549805
1805.5,26.21699905395508,74.09999847,92.23000336,4384.629883
1809.4000244140625,26.114999771118164,75.25,92.75,4369.209961
1824.300048828125,26.246000289916992,73.12999725341797,92.41000366210938,4374.299805
1828.4000244140625,26.375,71.65000153,92.62000274658205,4360.029785
1814.5,25.777000427246094,71.80999755859375,92.69000244140624,4327.160156
1808.699951171875,25.125999450683597,66.41999816894531,92.88999938964844,4258.490234
1810.9000244140625,24.976999282836918,67.41999816894531,92.97000122070312,4323.060059
1802.9000244140625,25.238000869750977,70.30000305175781,92.75,4358.689941
1805.0,25.364999771118164,71.91000366210938,92.81999969482422,4367.47998
1801.4000244140625,25.218000411987305,72.06999969482422,92.91000366210938,4411.790039
1798.699951171875,25.295000076293945,71.91000366210938,92.65000153,4422.299805
1799.5,24.631999969482425,71.65000153,92.43000030517578,4401.459961
1799.5,24.856000900268555,72.38999938964844,92.31999969482422,4400.640137
1831.199951171875,25.763999938964844,73.62000274658203,91.86000061035156,4419.149902
1812.5999755859373,25.527999877929688,73.94999694824219,92.16999816894533,4395.259766
1818.0999755859373,25.55699920654297,71.26000213623047,92.0500030517578,4387.160156
1810.0999755859373,25.56599998474121,70.55999755859375,92.08000183105467,4423.149902
1810.5,25.44599914550781,68.15000153,92.26999664,4402.660156
1805.0999755859373,25.277000427246094,69.08999633789062,92.23999786376952,4429.100098
1760.0,24.312000274658203,68.27999877929688,92.8000030517578,4436.52002
1723.4000244140625,23.25499916,66.48000336,92.9499969482422,4432.350098
1728.800048828125,23.37700080871582,68.29000091552734,93.05999755859376,4436.75
1750.4000244140625,23.474000930786133,69.25,92.91000366210938,4442.410156
1749.0,23.104999542236328,69.08999633789062,93.04000091552734,4460.830078
1775.199951171875,23.76799964904785,68.44000244140625,92.51999664,4468.0
1786.9000244140625,23.780000686645508,67.29000091552734,92.62999725341795,4479.709961
1785.0,23.64800071716309,66.58999633789062,93.12999725341795,4448.080078
1781.5999755859375,23.41200065612793,65.45999908447266,93.13999938964844,4400.27002
1780.199951171875,23.21999931335449,63.68999862670898,93.56999969482422,4405.799805
1781.0,23.104999542236328,62.31999969482422,93.5,4441.669922
1803.199951171875,23.64900016784668,65.63999938964844,92.95999908447266,4479.529785
1805.5999755859373,23.88999938964844,67.54000091552734,92.88999938964844,4486.22998
1788.199951171875,23.770999908447266,68.36000061035156,92.83000183105467,4496.189941
1792.199951171875,23.54599952697754,67.41999816894531,93.05999755859376,4470.0
1816.5999755859373,24.059999465942383,68.73999786376953,92.69000244140624,4509.370117
1809.0,23.959999084472656,69.20999908447266,92.65000153,4528.790039
1815.0,23.959999084472656,68.5,92.62999725341795,4522.680176
1813.0999755859373,24.177000045776367,68.58999633789062,92.4499969482422,4524.089844
1808.699951171875,23.875,69.98999786376953,92.23000336,4536.950195
1830.9000244140625,24.761999130249023,69.29000091552734,92.04000091552734,4535.430176
1795.9000244140625,24.333999633789062,68.34999847,92.51999664,4520.029785
1790.699951171875,24.011999130249023,69.30000305175781,92.65000153,4514.069824
1797.4000244140625,24.132999420166016,68.13999938964844,92.48000336,4493.279785
1789.5999755859375,23.854999542236328,69.72000122070312,92.58000183105467,4458.580078
1792.0,23.75300025939941,70.44999694824219,92.62000274658205,4468.72998
1804.699951171875,23.84199905395508,70.45999908447266,92.65000153,4443.049805
1792.4000244140625,23.75900077819824,72.61000061035156,92.48999786376952,4480.700195
1754.5999755859375,22.75200080871582,72.61000061035156,92.86000061035156,4473.75
1749.4000244140625,22.295000076293945,71.97000122070312,93.1999969482422,4432.990234
1761.800048828125,22.163000106811523,70.29000091552734,93.23999786376952,4357.72998
1776.0,22.572999954223636,70.55999755859375,93.1999969482422,4354.189941
1776.699951171875,22.86899948120117,72.23000336,93.45999908447266,4395.640137
1747.699951171875,22.642000198364254,73.30000305175781,93.09999847,4448.97998
1749.699951171875,22.38800048828125,73.98000336,93.33000183105467,4455.47998
1750.0,22.65699958801269,75.44999694824219,93.37999725341795,4443.109863
1735.800048828125,22.43000030517578,75.29000091552734,93.76999664,4352.629883
1721.5,21.458999633789062,74.83000183105469,94.33999633789062,4359.459961
1755.300048828125,22.020999908447266,75.02999877929688,94.25,4307.540039
1757.0,22.51000022888184,75.87999725341797,94.04000091552734,4357.040039
1766.199951171875,22.618000030517575,77.62000274658203,93.80999755859376,4300.459961
1759.5999755859375,22.582000732421875,78.93000030517578,93.98000336,4345.720215
1760.5,22.506000518798828,77.43000030517578,94.26999664,4363.549805
1757.9000244140625,22.631999969482425,78.30000305175781,94.22000122070312,4399.759766
1756.300048828125,22.679000854492188,79.34999847,94.06999969482422,4391.339844
1754.5999755859375,22.63999938964844,80.51999664,94.31999969482422,4361.189941
1758.300048828125,22.49099922180176,80.63999938964844,94.51999664,4350.649902
1793.699951171875,23.14900016784668,80.44000244140625,94.08000183105467,4363.799805
1796.699951171875,23.45599937438965,81.30999755859375,93.95999908447266,4438.259766
1767.199951171875,23.327999114990234,82.27999877929688,93.94000244140624,4471.370117
1764.800048828125,23.243000030517575,82.44000244140625,93.9499969482422,4486.459961
1769.699951171875,23.86199951171875,82.95999908447266,93.79000091552734,4519.629883
1784.0999755859375,24.423999786376957,83.87000274658203,93.55999755859376,4536.189941
1781.199951171875,24.149999618530277,82.5,93.76999664,4549.779785
1795.5,24.429000854492188,83.76000213623047,93.61000061035156,4544.899902
1806.0,24.57200050354004,83.76000213623047,93.80999755859376,4566.47998
1792.699951171875,24.086000442504883,84.65000153,93.9499969482422,4574.790039
1797.9000244140625,24.18899917602539,82.66000366210938,93.86000061035156,4551.680176
1801.5999755859373,24.117000579833984,82.80999755859375,93.34999847,4596.419922
1783.0,23.94499969482422,83.56999969482422,94.12000274658205,4605.379883
1795.0999755859375,24.06399917602539,84.05000305175781,93.87999725341795,4613.669922
1788.699951171875,23.5,83.91000366210938,94.08999633789062,4630.649902
1763.5999755859375,23.22599983215332,80.86000061035156,93.86000061035156,4660.569824
1793.0,23.90600014,78.80999755859375,94.34999847,4680.060059
1816.4000244140625,24.152000427246094,81.26999664,94.31999969482422,4697.529785
1827.4000244140625,24.53700065612793,81.93000030517578,94.0500030517578,4701.700195
1830.199951171875,24.3129997253418,84.15000153,93.95999908447266,4685.25
1847.5999755859373,24.767000198364254,81.33999633789062,94.84999847,4646.709961
1863.199951171875,25.301000595092773,81.58999633789062,95.18000030517578,4649.27002
1867.9000244140625,25.34399986,80.79000091552734,95.12999725341795,4682.850098
1866.0999755859373,25.10700035095215,80.87999725341797,95.41000366210938,4682.799805
1853.5999755859373,24.944000244140625,80.76000213623047,95.91999816894533,4700.899902
1869.699951171875,25.16699981689453,78.36000061035156,95.83000183105467,4688.669922
1861.0,24.900999069213867,79.01000213623047,95.54000091552734,4704.540039
1851.199951171875,24.780000686645508,76.09999847,96.06999969482422,4697.959961
1806.0,24.29700088500977,76.75,96.5,4682.939941
1783.5,23.434999465942383,78.5,96.48999786376952,4690.700195
1784.0999755859375,23.496000289916992,78.38999938964844,96.83999633789062,4701.459961
1785.300048828125,23.10700035095215,68.15000153,96.08999633789062,4594.620117
1782.300048828125,22.798999786376957,69.94999694824219,96.33999633789062,4655.27002
1773.5999755859375,22.76499938964844,66.18000030517578,95.98999786376952,4567.0
1781.5999755859375,22.298999786376957,65.56999969482422,96.0500030517578,4513.040039
1760.699951171875,22.280000686645508,66.5,96.12999725341795,4577.100098
1782.0,22.44499969482422,66.26000213623047,96.12000274658205,4538.430176
1777.5,22.22800064086914,69.48999786376953,96.29000091552734,4591.669922
1782.5999755859375,22.48699951171875,72.05000305175781,96.37000274658205,4686.75
1783.4000244140625,22.38999938964844,72.36000061035156,95.88999938964844,4701.209961
1774.5999755859375,21.974000930786133,70.94000244140625,96.26999664,4667.450195
1782.9000244140625,22.15999984741211,71.66999816894531,96.0500030517578,4712.02002
1786.300048828125,22.290000915527344,71.29000091552734,96.31999969482422,4668.970215
1770.4000244140625,21.886999130249023,70.73000336,96.56999969482422,4634.089844
1762.5999755859375,21.507999420166016,70.87000274658203,96.51000213623048,4709.850098
1796.5999755859375,22.45499992370605,72.37999725341797,96.04000091552734,4668.669922
1803.800048828125,22.506999969482425,70.86000061035156,96.56999969482422,4620.640137
1793.699951171875,22.274999618530277,68.23000336,96.5500030517578,4568.02002
1787.9000244140625,22.50200080871582,71.12000274658203,96.48999786376952,4649.22998
1801.5999755859373,22.79199981689453,72.76000213623047,96.08000183105467,4696.560059
1811.199951171875,22.93099975585937,73.79000091552734,96.01999664,4725.790039
1808.0999755859373,22.97900009155273,75.56999969482422,96.08999633789062,4791.189941
1810.199951171875,23.11100006103516,75.98000336,96.1999969482422,4786.350098
1805.0999755859373,22.847999572753903,76.55999755859375,95.93000030517578,4793.060059
1812.699951171875,23.027999877929688,76.98999786376953,95.97000122070312,4778.72998
1827.5,23.327999114990234,75.20999908447266,95.66999816894533,4766.180176
1799.4000244140625,22.790000915527344,76.08000183105469,96.23999786376952,4796.560059
1814.0,23.038000106811523,76.98999786376953,96.29000091552734,4793.540039
1824.5999755859373,23.149999618530277,77.84999847,96.19000244140624,4700.580078
1788.699951171875,22.173999786376957,79.45999908447266,96.25,4696.049805
1797.0,22.393999099731445,78.90000153,95.73999786376952,4677.029785
1798.4000244140625,22.44599914550781,78.23000336,95.98999786376952,4670.290039
1818.5999755859373,22.80599975585937,81.22000122070312,95.62000274658205,4713.069824
1827.199951171875,23.200000762939453,82.63999938964844,95.0,4726.350098
1821.199951171875,23.155000686645508,82.12000274658203,94.79000091552734,4659.029785
1816.5,22.910999298095703,83.81999969482422,95.16999816894533,4662.850098
1812.300048828125,23.48699951171875,85.43000030517578,95.73000336,4577.109863
1843.0999755859373,24.22599983215332,86.95999908447266,95.51000213623048,4532.759766
1842.5,24.711000442504883,86.90000153,95.73999786376952,4482.72998
1831.800048828125,24.31399917602539,85.13999938964844,95.63999938964844,4397.939941
1841.699951171875,23.795000076293945,83.30999755859375,95.91999816894533,4410.129883
1852.699951171875,23.895999908447266,85.59999847,95.9499969482422,4356.450195
1829.9000244140625,23.80699920654297,87.34999847,96.48999786376952,4349.930176
1793.300048828125,22.67300033569336,86.61000061035156,97.26000213623048,4326.509766
1784.9000244140625,22.302000045776367,86.81999969482422,97.26999664,4431.850098
1795.0,22.395000457763672,88.15000153,96.54000091552734,4515.549805
1800.300048828125,22.59600067138672,88.19999694824219,96.38999938964844,4546.540039
1809.199951171875,22.711000442504883,88.26000213623047,95.94000244140624,4589.379883
1803.0,22.375,90.26999664,95.37999725341795,4477.439941
1806.5999755859373,22.475000381469727,92.30999755859376,95.48000336,4500.529785
1820.5999755859373,23.076000213623047,91.31999969482422,95.40000153,4483.870117
1826.5999755859373,23.19499969482422,89.36000061035156,95.63999938964844,4521.540039
1835.199951171875,23.336000442504883,89.66000366210938,95.48999786376952,4587.180176
1836.199951171875,23.518999099731445,89.87999725341797,95.5500030517578,4504.080078
1840.800048828125,23.36599922180176,93.09999847,96.08000183105467,4418.640137
1868.0,23.84499931335449,95.45999908447266,96.37000274658205,4401.669922
1854.800048828125,23.33799934387207,92.06999969482422,95.98999786376952,4471.069824
1870.199951171875,23.60099983215332,93.66000366210938,95.6999969482422,4475.009766
1900.699951171875,23.874000549316406,91.76000213623048,95.8000030517578,4380.259766
1898.5999755859373,23.99099922180176,91.06999969482422,96.04000091552734,4348.870117
1906.0999755859373,24.31100082397461,92.34999847,96.02999877929688,4304.759766
1909.199951171875,24.55500030517578,92.09999847,96.19000244140624,4225.5
1925.0999755859373,24.68600082397461,92.80999755859376,97.13999938964844,4288.700195
1886.5,23.996999740600582,91.58999633789062,96.62000274658205,4384.649902
1899.4000244140625,24.36100006103516,95.72000122070312,96.70999908447266,4373.939941
1942.4000244140625,25.53400039672852,103.41000366210938,97.41000366210938,4306.259766
1920.9000244140625,25.183000564575195,110.5999984741211,97.38999938964844,4386.540039
1934.4000244140625,25.20499992370605,107.66999816894533,97.79000091552734,4363.490234
1965.0999755859373,25.78199958801269,115.68000030517578,98.65000153,4328.870117
1993.9000244140625,25.71299934387207,119.4000015258789,99.29000091552734,4201.089844
2040.0999755859373,26.88800048828125,123.6999969482422,99.05999755859376,4170.700195
1985.9000244140625,25.756999969482425,108.6999969482422,97.97000122070312,4277.879883
1998.0999755859373,26.20199966430664,106.0199966430664,98.51000213623048,4259.52002
1982.699951171875,26.106000900268555,109.33000183105467,99.12000274658205,4204.310059
1959.5999755859373,25.24399948120117,103.01000213623048,99.05999755859376,4173.109863
1928.5,25.12299919128418,96.44000244140624,99.06999969482422,4262.450195
1908.0,24.670000076293945,95.04000091552734,98.37999725341795,4357.859863
1942.0999755859373,25.583999633789062,102.9800033569336,98.01000213623048,4411.669922
1928.199951171875,25.05500030517578,104.6999969482422,98.23000336,4463.120117
1928.5999755859373,25.28199958801269,112.12000274658205,98.5,4461.180176
1920.699951171875,24.88500022888184,111.76000213623048,98.48999786376952,4511.609863
1936.5999755859373,25.170000076293945,114.93000030517578,98.62000274658205,4456.240234
1961.5999755859373,25.899999618530277,112.33999633789062,98.79000091552734,4520.160156
1953.800048828125,25.59499931335449,113.9000015258789,98.80999755859376,4543.060059
1939.5999755859373,25.176000595092773,105.95999908447266,99.08999633789062,4575.52002
1912.0,24.715999603271484,104.23999786376952,98.40000153,4631.600098
1933.5,25.10300064086914,107.81999969482422,97.79000091552734,4602.450195
1949.199951171875,25.121000289916992,100.27999877929688,98.30999755859376,4530.410156
1919.0999755859373,24.642000198364254,99.26999664,98.62999725341795,4545.859863
1929.199951171875,24.583999633789062,103.27999877929688,98.98999786376952,4582.640137
1922.9000244140625,24.527999877929688,101.95999908447266,99.47000122070312,4525.120117
1918.4000244140625,24.45499992370605,96.23000336,99.59999847,4481.149902
1933.800048828125,24.732999801635746,96.02999877929688,99.75,4500.209961
1941.5999755859373,24.819000244140625,98.26000213623048,99.8000030517578,4488.279785
1944.300048828125,24.97800064086914,94.29000091552734,99.93000030517578,4412.529785
1972.0999755859373,25.725000381469727,100.5999984741211,100.29000091552734,4397.450195
1981.0,26.020000457763672,104.25,99.87999725341795,4446.589844
1970.9000244140625,25.690000534057617,106.9499969482422,100.31999969482422,4392.589844
1982.9000244140625,26.13999938964844,108.20999908447266,100.77999877929688,4391.689941
1955.699951171875,25.391000747680664,102.55999755859376,100.95999908447266,4462.209961
1952.300048828125,25.270000457763672,102.75,100.38999938964844,4459.450195
1944.9000244140625,24.621000289916992,103.79000091552734,100.58000183105467,4393.660156
1931.0,24.256999969482425,102.06999969482422,101.22000122070312,4271.779785
1893.199951171875,23.667999267578125,98.54000091552734,101.75,4296.120117
1901.4000244140625,23.54199981689453,101.6999969482422,102.3000030517578,4175.200195
1885.9000244140625,23.45800018310547,102.0199966430664,102.9499969482422,4183.959961
1888.699951171875,23.128999710083008,105.36000061035156,103.62000274658205,4287.5
1909.300048828125,23.040000915527344,104.69000244140624,102.95999908447266,4131.930176
1861.800048828125,22.54400062561035,105.16999816894533,103.73999786376952,4155.379883
1868.800048828125,22.621000289916992,102.41000366210938,103.47000122070312,4175.47998
1867.0,22.36199951171875,107.80999755859376,102.58999633789062,4300.169922
1874.0,22.399999618530277,108.26000213623048,103.75,4146.870117
1881.199951171875,22.325000762939453,109.7699966430664,103.66000366210938,4123.339844
1857.0999755859373,21.78199958801269,103.08999633789062,103.6500015258789,3991.239990234375
1839.9000244140625,21.38999938964844,99.76000213623048,103.91999816894533,4001.050048828125
1852.5999755859373,21.549999237060547,105.70999908447266,103.8499984741211,3935.179931640625
1823.800048828125,20.756999969482425,106.12999725341795,104.8499984741211,3930.080078
1807.4000244140625,20.983999252319336,110.48999786376952,104.55999755859376,4023.889892578125
1813.5,21.53499984741211,114.1999969482422,104.19000244140624,4008.010009765625
1818.199951171875,21.73699951171875,112.4000015258789,103.36000061035156,4088.850098
1815.9000244140625,21.53300094604492,109.58999633789062,103.80999755859376,3923.679931640625
1841.199951171875,21.89800071716309,112.20999908447266,102.72000122070312,3900.790039
1841.800048828125,21.66900062561035,113.2300033569336,103.1500015258789,3901.360107421875
1847.800048828125,21.722999572753903,110.29000091552734,102.08000183105467,3973.75
1865.0999755859373,22.0629997253418,109.7699966430664,101.86000061035156,3941.47998
1846.199951171875,21.86000061035156,110.33000183105467,102.05999755859376,3978.72998
1847.4000244140625,21.94099998474121,114.08999633789062,101.83000183105467,4057.840087890625
1851.300048828125,22.059999465942383,115.06999969482422,101.66999816894533,4158.240234
1842.699951171875,21.650999069213867,114.66999816894533,101.75,4132.149902
1843.300048828125,21.88400077819824,115.26000213623048,102.5500030517578,4101.22998
1866.5,22.253999710083008,116.87000274658205,101.7699966430664,4176.819824
1845.4000244140625,21.88999938964844,118.87000274658205,102.13999938964844,4108.540039
1839.199951171875,22.073999404907227,118.5,102.44000244140624,4121.430176
1847.5,22.15900039672852,119.41000366210938,102.31999969482422,4160.680176
1851.9000244140625,22.073999404907227,122.11000061035156,102.54000091552734,4115.77002
1848.800048828125,21.79700088500977,121.51000213623048,103.22000122070312,4017.820068359375
1871.5,21.913000106811523,120.66999816894533,104.1500015258789,3900.860107421875
1828.0,21.23600006103516,120.93000030517578,105.08000183105467,3749.629883
1809.5,20.93600082397461,118.93000030517578,105.5199966430664,3735.47998
1815.300048828125,21.402000427246094,115.30999755859376,105.16000366210938,3789.989990234375
1845.699951171875,21.867000579833984,117.58999633789062,103.62999725341795,3666.77002
1835.5999755859373,21.572999954223636,109.55999755859376,104.6999969482422,3674.840087890625
1834.5999755859373,21.753999710083008,110.6500015258789,104.44000244140624,3764.790039
1834.300048828125,21.40699958801269,106.19000244140624,104.1999969482422,3759.889892578125
1825.699951171875,21.03199958801269,104.2699966430664,104.43000030517578,3795.72998
1826.5,21.11599922180176,107.62000274658205,104.19000244140624,3911.739990234375
1820.9000244140625,21.15900039672852,109.56999969482422,103.94000244140624,3900.110107421875
1817.5,20.79700088500977,111.76000213623048,104.51000213623048,3821.550048828125
1813.699951171875,20.667999267578125,109.77999877929688,105.11000061035156,3818.830078
1804.0999755859373,20.28199958801269,105.76000213623048,104.69000244140624,3785.379883
1798.9000244140625,19.597000122070312,108.43000030517578,105.13999938964844,3825.330078
1761.800048828125,19.052000045776367,99.5,106.5,3831.389892578125
1734.9000244140625,19.084999084472656,98.52999877929688,107.0999984741211,3845.080078
1737.9000244140625,19.121999740600582,102.7300033569336,107.12999725341795,3902.620117
1740.5999755859375,19.16699981689453,104.79000091552734,107.01000213623048,3899.379883
1730.0,19.066999435424805,104.08999633789062,108.0199966430664,3854.429931640625
1723.300048828125,18.89900016784668,95.83999633789062,108.06999969482422,3818.800048828125
1734.199951171875,19.13800048828125,96.3000030517578,107.95999908447266,3801.780029296875
1704.5,18.16900062561035,95.77999877929688,108.54000091552734,3790.379883
1702.4000244140625,18.54800033569336,97.58999633789062,108.05999755859376,3863.159912109375
1709.199951171875,18.791000366210938,102.5999984741211,107.37000274658205,3830.850098
1710.0,18.670000076293945,104.22000122070312,106.68000030517578,3936.689941
1699.5,18.638999938964844,102.26000213623048,107.08000183105467,3959.899902
1712.699951171875,18.687000274658203,96.34999847,106.91000366210938,3998.949951171875
1727.0999755859375,18.584999084472656,94.6999969482422,106.7300033569336,3961.629883
1719.0,18.29400062561035,96.6999969482422,106.4800033569336,3966.840087890625
1717.699951171875,18.48699951171875,94.98000336,107.19000244140624,3921.050048828125
1719.0999755859375,18.55299949645996,97.26000213623048,106.4499969482422,4023.610107421875
1750.300048828125,19.82699966430664,96.41999816894533,106.3499984741211,4072.429931640625
1762.9000244140625,20.15600014,98.62000274658205,105.9000015258789,4130.290039
1769.0,20.32200050354004,93.88999938964844,105.4499969482422,4118.629883
1771.0999755859375,20.104999542236328,94.41999816894533,106.23999786376952,4091.189941
1758.0,19.864999771118164,90.66000366210938,106.51000213623048,4155.169922
1788.5,20.099000930786133,88.54000091552734,105.69000244140624,4151.939941
1772.9000244140625,19.819000244140625,89.01000213623047,106.62000274658205,4145.189941
1786.800048828125,20.59199905395508,90.76000213623048,106.44000244140624,4140.060059
1794.0,20.45800018310547,90.5,106.37000274658205,4122.470215
1795.5999755859375,20.718000411987305,91.93000030517578,105.1999969482422,4210.240234
1789.699951171875,20.326000213623047,94.33999633789062,105.08999633789062,4207.27002
1798.5999755859375,20.677000045776367,92.08999633789062,105.62999725341795,4280.149902
1781.4000244140625,20.250999450683597,89.41000366210938,106.5500030517578,4297.140137
1773.199951171875,20.065000534057617,86.52999877929688,106.5,4305.200195
1760.300048828125,19.711000442504883,88.11000061035156,106.56999969482422,4274.040039
1755.300048828125,19.447999954223636,90.5,107.4800033569336,4283.740234
1747.5999755859375,19.058000564575195,90.76999664,108.16999816894533,4228.47998
1734.0,18.87299919128418,90.23000336,109.0500030517578,4137.990234
1746.800048828125,19.011999130249023,93.73999786376952,108.62000274658205,4128.72998
1747.800048828125,18.895000457763672,94.88999938964844,108.68000030517578,4140.77002
1757.699951171875,19.11100006103516,92.51999664,108.47000122070312,4199.120117
1736.0999755859375,18.739999771118164,93.05999755859376,108.8000030517578,4057.659912109375
1736.5999755859375,18.55500030517578,97.01000213623048,108.83999633789062,4030.610107421875
1723.199951171875,18.15900039672852,91.63999938964844,108.7699966430664,3986.159912109375
1712.800048828125,17.761999130249023,89.55000305175781,108.6999969482422,3955.0
1696.5999755859375,17.551000595092773,86.61000061035156,109.69000244140624,3966.850098
1709.800048828125,17.775999069213867,86.87000274658203,109.52999877929688,3924.260009765625
1700.4000244140625,17.795000076293945,86.87999725341797,110.20999908447266,3908.189941
1715.300048828125,18.136999130249023,81.94000244140625,109.83999633789062,3979.870117
1708.0,18.32999992370605,83.54000091552734,109.70999908447266,4006.179931640625
1716.199951171875,18.65800094604492,86.79000091552734,109.0,4067.360107421875
1728.0999755859375,19.75499916,87.77999877929688,108.33000183105467,4110.410156
1705.0,19.38999938964844,87.30999755859375,109.81999969482422,3932.689941
1696.5,19.47100067138672,88.48000336,109.66000366210938,3946.010009765625
1665.4000244140625,19.174999237060547,85.09999847,109.73999786376952,3901.350098
1671.699951171875,19.29599952697754,85.11000061035156,109.76000213623048,3873.330078
1666.199951171875,19.27300071716309,85.73000336,109.73999786376952,3899.889892578125
1659.699951171875,19.101999282836918,84.44999694824219,110.22000122070312,3855.929931640625
1664.5999755859375,19.410999298095703,82.94000244140625,110.63999938964844,3789.929931640625
1670.800048828125,19.54800033569336,83.48999786376953,111.3499984741211,3757.989990234375
1645.300048828125,18.840999603271484,78.73999786376953,113.19000244140624,3693.22998
1623.300048828125,18.40600014,76.70999908447266,114.0999984741211,3655.040039
1626.699951171875,18.256999969482425,78.5,114.11000061035156,3647.290039
1660.4000244140625,18.79599952697754,82.15000153,112.5999984741211,3719.040039
1658.5,18.61100006103516,81.23000336,112.25,3640.469970703125
1662.4000244140625,18.959999084472656,79.48999786376953,112.12000274658205,3585.620117
1692.9000244140625,20.518999099731445,83.62999725341797,111.75,3678.429931640625
1721.0999755859375,21.03700065612793,86.51999664,110.06999969482422,3790.929931640625
1711.4000244140625,20.47900009155273,87.76000213623047,111.06999969482422,3783.280029296875
1711.699951171875,20.59499931335449,88.44999694824219,112.26000213623048,3744.52002
1700.5,20.191999435424805,92.63999938964844,112.8000030517578,3639.659912109375
1667.300048828125,19.55599975585937,91.12999725341795,113.13999938964844,3612.389892578125
1678.699951171875,19.427000045776367,89.34999847,113.22000122070312,3588.840087890625
1670.300048828125,18.87800025939941,87.26999664,113.31999969482422,3577.030029296875
1670.0,18.857999801635746,89.11000061035156,112.36000061035156,3669.909912109375
1641.699951171875,18.01499938964844,85.61000061035156,113.30999755859376,3583.070068359375
1657.0,18.673999786376957,85.45999908447266,112.04000091552734,3677.949951171875
1649.0,18.57099914550781,82.81999969482422,112.12999725341795,3719.97998
1627.5,18.336000442504883,85.55000305175781,112.9800033569336,3695.159912109375
1630.800048828125,18.666000366210938,85.98000336,112.87999725341795,3665.780029296875
1651.0,19.042999267578125,85.05000305175781,112.01000213623048,3752.75
1648.699951171875,19.173999786376957,84.58000183105469,111.98999786376952,3797.340087890625
1652.800048828125,19.339000701904297,85.31999969482422,110.9499969482422,3859.110107421875
1664.0,19.479999542236328,87.91000366210938,109.6999969482422,3830.600098
1660.699951171875,19.47800064086914,89.08000183105469,110.58999633789062,3807.300048828125
1639.5999755859375,19.14699935913086,87.90000153,110.66999816894533,3901.060059
1635.9000244140625,19.125,86.52999877929688,111.52999877929688,3871.97998
1645.0,19.67300033569336,88.37000274658203,111.4800033569336,3856.100098
1645.699951171875,19.600000381469727,90.0,111.3499984741211,3759.689941
1627.300048828125,19.43600082397461,88.16999816894531,112.93000030517578,3719.889892578125
1672.5,20.790000915527344,92.61000061035156,110.87999725341795,3770.550048828125
1676.5,20.89800071716309,91.79000091552734,110.12000274658205,3806.800048828125
1712.0999755859375,21.476999282836918,88.91000366210938,109.62000274658205,3828.110107421875
1710.0999755859375,21.29800033569336,85.83000183105469,110.5500030517578,3748.570068359375
1750.300048828125,21.677000045776367,86.47000122070312,108.20999908447266,3956.370117
1766.0,21.645999908447266,88.95999908447266,106.29000091552734,3992.929931640625
1773.5999755859375,22.09199905395508,85.87000274658203,106.66000366210938,3957.25
1773.800048828125,21.499000549316406,86.91999816894531,106.4000015258789,3991.72998
1773.0,21.503999710083008,85.58999633789062,106.27999877929688,3958.790039
1760.800048828125,20.95499992370605,81.63999938964844,106.69000244140624,3946.560059
1751.9000244140625,20.97599983215332,80.08000183105469,106.93000030517578,3965.340087890625
1737.4000244140625,20.849000930786133,79.73000336,107.83999633789062,3949.939941
1738.300048828125,21.03400039672852,80.94999694824219,107.22000122070312,4003.580078
1744.9000244140625,21.35700035095215,77.94000244140625,106.08000183105467,4027.260009765625
1753.300048828125,21.424999237060547,76.27999877929688,105.95999908447266,4026.120117
1740.0999755859375,20.90999984741211,77.23999786376953,106.68000030517578,3963.939941
1748.4000244140625,21.20400047302246,78.19999694824219,106.81999969482422,3957.629883
1746.0,21.549999237060547,80.55000305175781,105.9499969482422,4080.110107421875
1801.0999755859375,22.636999130249023,81.22000122070312,104.7300033569336,4076.570068359375
1795.9000244140625,23.038000106811523,79.98000336,104.5500030517578,4071.699951171875
1767.4000244140625,22.198999404907227,76.93000030517578,105.29000091552734,3998.840087890625
1769.300048828125,22.12299919128418,74.25,105.58000183105467,3941.260009765625
1785.5,22.709999084472656,72.01000213623047,105.0999984741211,3933.919922
1788.699951171875,23.0629997253418,71.45999908447266,104.7699966430664,3963.510009765625
1798.0999755859375,23.53499984741211,71.01999664,104.80999755859376,3934.379883
1780.5,23.21999931335449,73.16999816894531,105.12999725341795,3990.560059
1813.9000244140625,23.801000595092773,75.38999938964844,103.9800033569336,4019.649902
1807.5,23.94599914550781,77.27999877929688,103.7699966430664,3995.320068359375
1777.199951171875,23.12800025939941,76.11000061035156,104.55999755859376,3895.75
1790.0,23.150999069213867,74.29000091552734,104.6999969482422,3852.360107421875
1787.699951171875,23.02899932861328,75.19000244140625,104.72000122070312,3817.659912109375
1815.9000244140625,24.09399986,76.08999633789062,103.97000122070312,3821.620117
1815.9000244140625,24.03499984741211,78.29000091552734,104.16000366210938,3878.439941
1787.0,23.47599983215332,77.48999786376953,104.43000030517578,3822.389892578125
1795.9000244140625,23.763999938964844,79.55999755859375,104.30999755859376,3844.820068359375
1814.800048828125,24.040000915527344,79.52999877929688,104.18000030517578,3829.25
1807.9000244140625,23.663000106811523,78.95999908447266,104.45999908447266,3783.219970703125
1819.5,24.077999114990234,78.40000153,103.83999633789062,3849.280029296875
1819.699951171875,23.86199951171875,80.26000213623047,103.5199966430664,3839.5
1839.699951171875,24.05900001525879,76.93000030517578,104.5199966430664,3824.139892578125
1852.800048828125,23.79199981689453,72.83999633789062,104.25,3852.969970703125
1834.800048828125,23.257999420166016,73.66999816894531,105.04000091552734,3808.100098
1864.199951171875,23.82200050354004,73.76999664,103.87999725341795,3895.080078
1872.699951171875,23.71199989318848,74.62999725341797,103.0,3892.090087890625
1871.5999755859373,23.506999969482425,75.12000274658203,103.23999786376952,3919.25
1874.5999755859373,23.32699966430664,77.41000366210938,103.19000244140624,3969.610107421875
1895.5,23.863000869750977,78.38999938964844,102.25,3983.169922
1918.4000244140625,24.231000900268555,79.86000061035156,102.1999969482422,3999.090087890625
1907.199951171875,23.944000244140625,80.18000030517578,102.38999938964844,3990.969970703125
1904.4000244140625,23.530000686645508,79.48000336,102.36000061035156,3928.860107421875
1922.0999755859373,23.753999710083008,80.33000183105469,102.05999755859376,3898.850098
1926.4000244140625,23.82999992370605,81.30999755859375,102.01000213623048,3972.610107421875
1927.0999755859373,23.45199966430664,81.62000274658203,102.13999938964844,4019.810059
1933.9000244140625,23.64900016784668,80.12999725341797,101.91999816894533,4016.949951171875
1941.199951171875,23.839000701904297,80.15000153,101.63999938964844,4016.219970703125
1929.0999755859373,23.93000030517578,81.01000213623047,101.83999633789062,4060.429931640625
1928.5999755859373,23.527000427246094,79.68000030517578,101.93000030517578,4070.560059
1922.9000244140625,23.645000457763672,77.90000153,102.27999877929688,4017.77002
1929.5,23.74799919128418,78.87000274658203,102.0999984741211,4076.600098
1927.800048828125,23.520999908447266,76.41000366210938,101.22000122070312,4119.209961
1916.300048828125,23.53400039672852,75.87999725341797,101.75,4179.759766
1862.9000244140625,22.333999633789062,73.38999938964844,102.91999816894533,4136.47998
1866.199951171875,22.177000045776367,74.11000061035156,103.62000274658205,4111.080078
1871.699951171875,22.117000579833984,77.13999938964844,103.43000030517578,4164.0
1877.4000244140625,22.367000579833984,78.47000122070312,103.41000366210938,4117.859863
1866.199951171875,22.097000122070312,78.05999755859375,103.22000122070312,4081.5
1862.800048828125,22.03400039672852,79.72000122070312,103.62999725341795,4090.459961
1851.9000244140625,21.81800079345703,80.13999938964844,103.3499984741211,4137.290039
1854.0,21.84199905395508,79.05999755859375,103.2300033569336,4136.129883
1834.199951171875,21.54599952697754,78.58999633789062,103.91999816894533,4147.600098
1842.0,21.68400001525879,78.48999786376953,103.86000061035156,4090.409912109375
1840.4000244140625,21.694000244140625,76.33999633789062,103.86000061035156,4079.090087890625
1833.0,21.86899948120117,76.16000366210938,104.18000030517578,3997.340087890625
1832.0,21.660999298095703,73.94999694824219,104.58999633789062,3991.050048828125
1818.0,21.298999786376957,75.38999938964844,104.5999984741211,4012.320068359375
1808.800048828125,20.80599975585937,76.31999969482422,105.20999908447266,3970.040039
1817.0,20.670000076293945,75.68000030517578,104.66999816894533,3982.239990234375
1828.9000244140625,20.961000442504883,77.05000305175781,104.87000274658205,3970.149902
1837.699951171875,20.958999633789062,77.69000244140625,104.4800033569336,3951.389892578125
1833.5,20.766000747680664,78.16000366210938,105.02999877929688,3981.350098
1847.699951171875,21.093000411987305,79.68000030517578,104.5199966430664,4045.639892578125
1847.9000244140625,20.983999252319336,80.45999908447266,104.3499984741211,4048.419922
1813.9000244140625,20.054000854492188,77.58000183105469,105.62000274658205,3986.370117
1812.699951171875,20.00499916,76.66000366210938,105.66000366210938,3992.010009765625
1829.300048828125,20.024999618530277,75.72000122070312,105.30999755859376,3918.320068359375
1862.0,20.375,76.68000030517578,104.58000183105467,3861.590087890625
1911.699951171875,21.792999267578125,74.80000305175781,103.5999984741211,3855.760009765625
1906.199951171875,21.929000854492188,71.33000183105469,103.5999984741211,3919.290039
1926.5999755859373,21.77400016784668,67.61000061035156,104.6500015258789,3891.929931640625
1919.0,21.58799934387207,68.34999847,104.41999816894533,3960.280029296875
1969.800048828125,22.35099983215332,66.73999786376953,103.70999908447266,3916.639892578125
1979.199951171875,22.53300094604492,67.63999938964844,103.27999877929688,3951.570068359375
1938.0,22.323999404907227,69.33000183105469,103.26000213623048,4002.870117
1946.800048828125,22.674999237060547,70.90000153,102.3499984741211,3936.969970703125
1993.800048828125,23.143999099731445,69.95999908447266,102.52999877929688,3948.719970703125
1982.0999755859373,23.246999740600582,69.26000213623047,103.12000274658205,3970.989990234375
1952.4000244140625,23.054000854492188,72.80999755859375,102.86000061035156,3977.530029296875
1972.4000244140625,23.323999404907227,73.19999694824219,102.43000030517578,3971.27002
1966.0999755859373,23.375999450683597,72.97000122070312,102.63999938964844,4027.810059
1980.300048828125,23.902000427246094,74.37000274658203,102.13999938964844,4050.830078
1969.0,24.076000213623047,75.66999816894531,102.51000213623048,4109.310059
1983.9000244140625,23.94099998474121,80.41999816894531,102.08999633789062,4124.509766
2022.199951171875,25.02199935913086,80.70999908447266,101.58999633789062,4100.600098
2020.9000244140625,24.96299934387207,80.61000061035156,101.8499984741211,4090.379883
2011.9000244140625,25.024999618530277,80.69999694824219,101.81999969482422,4105.02002
1989.0999755859373,24.84600067138672,79.73999786376953,102.58000183105467,4109.109863
2004.800048828125,25.131000518798828,81.52999877929688,102.1999969482422,4108.939941
2010.9000244140625,25.40399932861328,83.26000213623047,101.5,4091.949951171875
2041.300048828125,25.874000549316406,82.16000366210938,101.01000213623048,4146.220215
2002.199951171875,25.423999786376957,82.51999664,101.5500030517578,4137.640137
1994.199951171875,25.05299949645996,80.83000183105469,102.0999984741211,4151.319824
2007.4000244140625,25.24799919128418,80.86000061035156,101.75,4154.870117
1995.199951171875,25.36599922180176,79.16000366210938,101.97000122070312,4154.52002
2007.5999755859373,25.368000030517575,77.29000091552734,101.83999633789062,4129.790039
1979.5,25.05299949645996,77.87000274658203,101.81999969482422,4133.52002
1989.0999755859373,25.30599975585937,78.76000213623047,101.3499984741211,4137.040039
1994.0,24.87700080871582,77.06999969482422,101.86000061035156,4071.629883
1985.699951171875,24.871000289916992,74.30000305175781,101.47000122070312,4055.989990234375
1989.9000244140625,24.982999801635746,74.76000213623047,101.5,4135.350098
1990.0999755859373,24.999000549316406,76.77999877929688,101.66999816894533,4169.47998
1983.4000244140625,25.00900077819824,75.66000366210938,102.1500015258789,4167.870117
2014.300048828125,25.40399932861328,71.66000366210938,101.95999908447266,4119.580078
2028.5999755859373,25.47599983215332,68.59999847,101.33999633789062,4090.75
2048.0,26.03499984741211,68.55999755859375,101.4000015258789,4061.219970703125
2017.4000244140625,25.743000030517575,71.33999633789062,101.20999908447266,4136.25
2026.300048828125,25.63599967956543,73.16000366210938,101.37000274658205,4138.120117
2036.199951171875,25.697999954223636,73.70999908447266,101.61000061035156,4119.169922
2030.5,25.461000442504883,72.55999755859375,101.4800033569336,4137.640137
2014.699951171875,24.25499916,70.87000274658203,102.05999755859376,4130.620117
2014.5,23.992000579833984,70.04000091552734,102.68000030517578,4124.080078
2018.0,24.12700080871582,71.11000061035156,102.43000030517578,4136.279785
1988.4000244140625,23.73699951171875,70.86000061035156,102.55999755859376,4109.899902
1980.699951171875,23.75200080871582,72.83000183105469,102.87999725341795,4158.77002
1956.5,23.49500084,71.86000061035156,103.58000183105467,4198.049805
1978.699951171875,23.920000076293945,71.55000305175781,103.1999969482422,4191.97998
1974.800048828125,23.71500015258789,71.98999786376953,103.1999969482422,4192.629883
1972.4000244140625,23.474000930786133,72.91000366210938,103.48999786376952,4145.580078
1962.800048828125,23.114999771118164,74.33999633789062,103.88999938964844,4115.240234
1943.0999755859373,22.785999298095703,71.83000183105469,104.20999908447266,4151.279785
1944.0999755859373,23.239999771118164,72.66999816894531,104.20999908447266,4205.450195
1958.0,23.125,69.45999908447266,104.16999816894533,4205.52002
1963.9000244140625,23.474000930786133,68.08999633789062,104.31999969482422,4179.830078
1978.0,23.875,70.09999847,103.55999755859376,4221.02002
1952.4000244140625,23.64299964904785,71.73999786376953,104.0199966430664,4282.370117
1958.0,23.53400039672852,72.15000153,104.0,4273.790039
1965.5,23.573999404907227,71.73999786376953,104.12999725341795,4283.850098
1942.699951171875,23.43899917602539,72.52999877929688,104.0999984741211,4267.52002
1963.5999755859373,24.263999938964844,71.29000091552734,103.33999633789062,4293.930176
1962.199951171875,24.333999633789062,70.16999816894531,103.55999755859376,4298.859863
1955.300048828125,23.98500061035156,67.12000274658203,103.62999725341795,4338.930176
1944.5999755859373,23.756000518798828,69.41999816894531,103.33999633789062,4369.009766
1955.300048828125,24.04400062561035,68.26999664,103.01000213623048,4372.589844
1957.800048828125,23.891000747680664,70.62000274658203,102.12000274658205,4425.839844
1958.4000244140625,24.076000213623047,71.77999877929688,102.3000030517578,4409.589844
1935.5,23.19300079345703,70.5,102.54000091552734,4388.709961
1933.300048828125,22.77400016784668,72.52999877929688,102.06999969482422,4365.689941
1912.699951171875,22.43600082397461,69.51000213623047,102.38999938964844,4381.890137
1919.0999755859373,22.327999114990234,69.16000366210938,102.9000015258789,4348.330078
1923.699951171875,22.80500030517578,69.37000274658203,102.69000244140624,4328.819824
1914.0,22.93899917602539,67.69999694824219,102.48999786376952,4378.410156
1912.300048828125,22.868000030517575,69.55999755859375,102.91000366210938,4376.859863
1909.199951171875,22.590999603271484,69.86000061035156,103.33999633789062,4396.439941
1921.0999755859373,22.809999465942383,70.63999938964844,102.91000366210938,4450.379883
1921.699951171875,22.895999908447266,69.79000091552734,102.98999786376952,4455.589844
1919.5999755859373,23.19700050354004,71.79000091552734,103.37000274658205,4446.819824
1908.699951171875,22.68600082397461,71.80000305175781,103.16999816894533,4411.589844
1926.199951171875,23.09199905395508,73.86000061035156,102.2699966430664,4398.950195
1925.0,23.150999069213867,72.98999786376953,101.97000122070312,4409.529785
1931.300048828125,23.086000442504883,74.83000183105469,101.7300033569336,4439.259766
1956.199951171875,24.11899948120117,75.75,100.5199966430664,4472.160156
1959.199951171875,24.76799964904785,76.88999938964844,99.76999664,4510.040039
1960.0999755859373,25.013999938964844,75.41999816894531,99.91000366210938,4505.419922
1952.4000244140625,24.84399986,74.15000153,99.83999633789062,4522.790039
1977.199951171875,25.083999633789062,75.75,99.94000244140624,4554.97998
1977.5,25.21899986,75.34999847,100.27999877929688,4565.720215
1968.300048828125,24.80500030517578,75.62999725341797,100.87999725341795,4534.870117
1964.300048828125,24.697999954223636,77.06999969482422,101.06999969482422,4536.339844
1960.300048828125,24.43600082397461,78.73999786376953,101.3499984741211,4554.640137
1962.0999755859373,24.68000030517578,79.62999725341797,101.3499984741211,4567.459961
1968.9000244140625,24.825000762939453,78.77999877929688,100.88999938964844,4566.75
1945.4000244140625,24.23600006103516,80.08999633789062,101.7699966430664,4537.410156
1960.4000244140625,24.37000084,80.58000183105469,101.62000274658205,4582.22998
1970.5,24.85400009155273,81.80000305175781,101.86000061035156,4588.959961
1940.699951171875,24.20800018310547,81.37000274658203,102.3000030517578,4576.72998
1937.4000244140625,23.753999710083008,79.48999786376953,102.58999633789062,4513.390137
1932.0,23.586000442504883,81.55000305175781,102.54000091552734,4501.890137
1939.5999755859373,23.617000579833984,82.81999969482422,102.0199966430664,4478.029785
1933.5,23.142000198364254,81.94000244140625,102.0500030517578,4518.439941
1924.0999755859373,22.71699905395508,82.91999816894531,102.52999877929688,4499.379883
1915.4000244140625,22.649999618530277,84.40000153,102.48999786376952,4467.709961
1914.4000244140625,22.746000289916992,82.81999969482422,102.5199966430664,4468.830078
1912.9000244140625,22.673999786376957,83.19000244140625,102.83999633789062,4464.049805
1910.5999755859373,22.643999099731445,82.51000213623047,103.19000244140624,4489.720215
1902.5,22.59499931335449,80.98999786376953,103.20999908447266,4437.859863
1896.0999755859373,22.479999542236328,79.37999725341797,103.41999816894533,4404.330078
1884.0999755859373,22.670000076293945,80.38999938964844,103.44000244140624,4370.359863
1886.0999755859373,22.69499969482422,81.25,103.37999725341795,4369.709961
1893.300048828125,23.304000854492188,80.72000122070312,103.33000183105467,4399.77002
1896.4000244140625,23.420000076293945,80.34999847,103.55999755859376,4387.549805
1918.5,24.363000869750977,78.88999938964844,103.36000061035156,4436.009766
1918.199951171875,24.211000442504883,79.05000305175781,103.9800033569336,4376.310059
1911.0999755859373,24.21999931335449,79.83000183105469,104.08000183105467,4405.709961
1917.9000244140625,24.238000869750977,80.09999847,104.05999755859376,4433.310059
1936.5,24.777000427246094,81.16000366210938,103.5500030517578,4497.629883
1944.300048828125,24.733999252319336,81.62999725341797,103.16000366210938,4514.870117
1938.199951171875,24.472000122070312,83.62999725341797,103.62000274658205,4507.660156
1939.800048828125,24.23200035095215,85.55000305175781,104.23999786376952,4515.77002
1926.199951171875,23.558000564575195,86.69000244140625,104.80999755859376,4496.830078
1918.0999755859373,23.20599937438965,87.54000091552734,104.86000061035156,4465.47998
1917.5,22.950000762939453,86.87000274658203,105.05999755859376,4451.140137
1918.4000244140625,22.892000198364254,87.51000213623047,105.08999633789062,4457.490234
1923.300048828125,23.10300064086914,87.29000091552734,104.56999969482422,4487.459961
1911.300048828125,23.12700080871582,88.83999633789062,104.70999908447266,4461.899902
1909.0999755859373,22.91200065612793,88.51999664,104.7699966430664,4467.439941
1910.0,22.74799919128418,90.16000366210938,105.41000366210938,4505.100098
1923.699951171875,23.125999450683597,90.76999664,105.31999969482422,4450.319824
1931.5,23.23200035095215,91.48000336,105.1999969482422,4453.529785
1932.0,23.194000244140625,91.1999969482422,105.1999969482422,4443.950195
1945.5999755859373,23.57900047302246,90.27999877929688,105.16000366210938,4402.200195
1919.199951171875,23.444000244140625,89.62999725341797,105.36000061035156,4330.0
1925.4000244140625,23.59600067138672,90.02999877929688,105.58000183105467,4320.060059
1916.5999755859373,23.145000457763672,89.68000030517578,106.0,4337.439941
1900.4000244140625,22.950000762939453,90.38999938964844,106.2300033569336,4273.529785
1871.5999755859373,22.476999282836918,93.68000030517578,106.66999816894533,4274.509766
1860.4000244140625,22.51499938964844,91.70999908447266,106.22000122070312,4299.700195
1848.0999755859373,22.23600006103516,90.79000091552734,106.16999816894533,4288.049805
1830.0,21.218000411987305,88.81999969482422,106.9000015258789,4288.390137
1824.5999755859373,21.17799949645996,89.23000336,107.0,4229.450195
1818.5,20.95599937438965,84.22000122070312,106.8000030517578,4263.75
1816.5999755859373,20.847999572753903,82.30999755859375,106.33000183105467,4258.189941
1830.199951171875,21.540000915527344,82.79000091552734,106.04000091552734,4308.5
1849.5,21.74099922180176,86.37999725341797,106.08000183105467,4335.660156
1861.0,21.775999069213867,85.97000122070312,105.83000183105467,4358.240234
1872.800048828125,21.957000732421875,83.48999786376953,105.81999969482422,4376.950195
1869.300048828125,21.79199981689453,82.91000366210938,106.56999969482422,4349.609863
1927.4000244140625,22.726999282836918,87.69000244140625,106.6500015258789,4327.779785
1921.0999755859373,22.61000061035156,86.66000366210938,106.23999786376952,4373.629883
1922.699951171875,22.863000869750977,86.66000366210938,106.25,4373.200195
1955.300048828125,22.944000244140625,88.31999969482422,106.56999969482422,4314.600098
1968.4000244140625,22.886999130249023,89.37000274658203,106.25,4278.0
1982.5,23.35099983215332,88.75,106.16000366210938,4224.160156
1976.300048828125,23.07200050354004,85.48999786376953,105.54000091552734,4217.040039
1975.0,22.979999542236328,83.73999786376953,106.2699966430664,4247.680176
1984.0999755859373,22.87700080871582,85.38999938964844,106.52999877929688,4186.77002
1987.199951171875,22.78700065612793,83.20999908447266,106.5999984741211,4137.22998
1988.5999755859373,22.770000457763672,85.54000091552734,106.55999755859376,4117.370117
1996.199951171875,23.28199958801269,82.30999755859375,106.12000274658205,4166.819824
1985.199951171875,22.840999603271484,81.01999664,106.66000366210938,4193.799805
1978.800048828125,22.684999465942383,80.44000244140625,106.87999725341795,4237.859863
1985.5999755859373,22.750999450683597,82.45999908447266,106.12000274658205,4317.779785
1991.5,23.201000213623047,80.51000213623047,105.0199966430664,4358.339844
1981.5999755859373,23.14900016784668,80.81999969482422,105.22000122070312,4365.97998
1966.800048828125,22.507999420166016,77.37000274658203,105.54000091552734,4378.379883
1951.5,22.64699935913086,75.33000183105469,105.58999633789062,4382.779785
1964.199951171875,22.83099937438965,75.73999786376953,105.91000366210938,4347.350098
1932.5999755859373,22.21500015258789,77.16999816894531,105.86000061035156,4415.240234
1945.5,22.298999786376957,78.26000213623047,105.66000366210938,4411.549805
1961.800048828125,23.07900047302246,78.26000213623047,104.11000061035156,4495.700195
1960.0999755859373,23.48500061035156,76.66000366210938,104.38999938964844,4502.879883
1983.9000244140625,23.892000198364254,72.90000153,104.37000274658205,4508.240234
1981.5999755859373,23.80900001525879,75.88999938964844,103.81999969482422,4514.02002
1977.699951171875,23.57900047302246,77.59999847,103.47000122070312,4547.379883
1999.300048828125,23.843000411987305,77.76999664,103.56999969482422,4538.189941
1991.4000244140625,23.67200088500977,77.09999847,103.91999816894533,4556.620117
2002.199951171875,24.32900047302246,75.54000091552734,103.4000015258789,4559.339844
2011.800048828125,24.67200088500977,74.86000061035156,103.1999969482422,4550.430176
2039.699951171875,24.93000030517578,76.41000366210938,102.75,4554.890137
2047.0999755859373,25.07200050354004,77.86000061035156,102.7699966430664,4550.580078
2038.0999755859373,25.292999267578125,75.95999908447266,103.5,4567.799805
2071.0,25.499000549316406,74.06999969482422,103.2699966430664,4594.629883
2024.0999755859373,24.55500030517578,73.04000091552734,103.63999938964844,4569.779785
2018.5,24.201000213623047,72.31999969482422,104.0500030517578,4567.180176
2030.5,23.888999938964844,69.37999725341797,104.1500015258789,4549.339844
2029.9000244140625,23.73200035095215,69.33999633789062,103.54000091552734,4585.589844
1998.300048828125,22.97100067138672,71.23000336,104.01000213623048,4604.370117
1978.0,22.77300071716309,71.31999969482422,104.0999984741211,4622.439941
1977.800048828125,22.72800064086914,68.61000061035156,103.87000274658205,4643.700195
1982.300048828125,22.638999938964844,69.47000122070312,102.87000274658205,4707.089844
2030.199951171875,24.09600067138672,71.58000183105469,101.95999908447266,4719.549805
2021.0999755859373,23.87000084,71.43000030517578,102.5500030517578,4719.189941
2026.300048828125,23.83099937438965,72.47000122070312,102.51000213623048,4740.560059
2038.4000244140625,24.040000915527344,73.44000244140625,102.16999816894533,4768.370117
2034.5,24.347000122070312,74.22000122070312,102.41000366210938,4698.350098
2039.0999755859373,24.30699920654297,73.88999938964844,101.83999633789062,4746.75
2057.100098,24.290000915527344,73.55999755859375,101.6999969482422,4754.629883
2058.199951171875,24.143999099731445,75.56999969482422,101.47000122070312,4774.75
2081.899902,24.375,74.11000061035156,100.98999786376952,4781.580078
2073.899902,24.13400077819824,71.76999664,101.2300033569336,4783.350098
2062.399902,23.85300064086914,71.65000153,101.33000183105467,4769.830078
2064.399902,23.732999801635746,70.37999725341797,102.1999969482422,4742.830078
2034.199951171875,22.94599914550781,72.69999694824219,102.45999908447266,4704.810059
2042.300048828125,22.98900032043457,72.19000244140625,102.41999816894533,4688.680176
2042.4000244140625,23.121999740600582,73.80999755859375,102.41000366210938,4697.240234
2026.5999755859373,23.12000084,70.76999664,102.20999908447266,4763.540039
2026.4000244140625,22.90399932861328,72.23999786376953,102.56999969482422,4756.5
2021.699951171875,22.88400077819824,71.37000274658203,102.36000061035156,4783.450195
2014.300048828125,22.53700065612793,72.01999664,102.29000091552734,4780.240234
2046.699951171875,23.16200065612793,72.68000030517578,102.4000015258789,4783.830078
2026.0,22.933000564575195,72.40000153,103.36000061035156,4765.97998
2002.5999755859373,22.516000747680664,72.55999755859375,103.4499969482422,4739.209961
2018.5999755859373,22.66699981689453,74.08000183105469,103.54000091552734,4780.939941
2026.5,22.57099914550781,73.41000366210938,103.29000091552734,4839.810059
2019.800048828125,22.163000106811523,75.19000244140625,103.33000183105467,4850.430176
2023.699951171875,22.333999633789062,74.37000274658203,103.62000274658205,4864.600098
2013.9000244140625,22.75499916,75.08999633789062,103.23999786376952,4868.549805
2016.9000244140625,22.808000564575195,77.36000061035156,103.56999969482422,4894.160156
2016.800048828125,22.75499916,78.01000213623047,103.47000122070312,4890.970215
2025.199951171875,23.13800048828125,76.77999877929688,103.61000061035156,4927.930176
2031.5,23.10700035095215,77.81999969482422,103.4000015258789,4924.970215
2048.399902,23.051000595092773,75.84999847,103.2699966430664,4845.649902
2053.0,23.12999916,73.81999969482422,103.0500030517578,4906.189941
2036.0999755859373,22.701000213623047,72.27999877929688,103.91999816894533,4958.609863
2025.699951171875,22.334999084472656,72.77999877929688,104.4499969482422,4942.810059
2034.5,22.39299964904785,73.30999755859375,104.18000030517578,4954.22998
2035.199951171875,22.277999877929688,73.86000061035156,104.04000091552734,4995.060059
2032.199951171875,22.565000534057617,76.22000122070312,104.1500015258789,4997.910156
2023.300048828125,22.527999877929688,76.83999633789062,104.08000183105467,5026.609863
2018.199951171875,22.708999633789062,76.91999816894531,104.16999816894533,5021.839844
1992.9000244140625,22.09600067138672,77.87000274658203,104.95999908447266,4953.169922
1990.300048828125,22.33099937438965,76.63999938964844,104.72000122070312,5000.620117
2002.0999755859373,22.91200065612793,78.02999877929688,104.3000030517578,5029.72998
2011.5,23.43899917602539,79.19000244140625,104.3000030517578,5005.569824
2027.5,23.106000900268555,78.18000030517578,104.08000183105467,4975.509766
2022.300048828125,22.85099983215332,77.91000366210938,104.01000213623048,4981.799805
2019.699951171875,22.76499938964844,78.61000061035156,103.95999908447266,5087.029785
2038.5999755859373,22.96899986,76.48999786376953,103.94000244140624,5088.799805
2028.5,22.517000198364254,77.58000183105469,103.83000183105467,5069.529785
2034.0,22.52300071716309,78.87000274658203,103.83000183105467,5078.180176
2033.0,22.40999984741211,78.54000091552734,103.9800033569336,5069.759766
2045.699951171875,22.666000366210938,78.26000213623047,104.16000366210938,5096.27002
2086.899902,23.149999618530277,79.97000122070312,103.86000061035156,5137.080078
2117.699951171875,23.77899932861328,78.73999786376953,103.83000183105467,5130.950195
2133.5,23.76300048828125,78.15000153,103.8000030517578,5078.649902
2150.300048828125,24.27199935913086,79.12999725341797,103.37000274658205,5104.759766
2158.0,24.37000084,78.93000030517578,102.81999969482422,5157.359863
2178.600098,24.339000701904297,78.01000213623047,102.73999786376952,5123.689941
2182.5,24.511999130249023,77.93000030517578,102.87000274658205,5117.939941
2160.399902,24.194000244140625,77.55999755859375,102.95999908447266,5175.27002
2175.399902,24.958999633789062,79.72000122070312,102.79000091552734,5165.310059
2163.0,24.874000549316406,81.26000213623047,103.36000061035156,5150.47998
2157.300048828125,25.200000762939453,81.04000091552734,103.43000030517578,5117.089844
2160.699951171875,25.090999603271484,82.72000122070312,103.58000183105467,5149.419922
2156.300048828125,24.964000701904297,83.47000122070312,103.80999755859376,5178.509766
2157.899902,24.933000564575195,81.68000030517578,103.41000366210938,5224.620117
2182.399902,24.849000930786133,81.06999969482422,104.0,5241.529785
2158.100098,24.691999435424805,80.62999725341797,104.43000030517578,5234.180176
2174.800048828125,24.74500084,81.94999694824219,104.2300033569336,5218.189941
2175.600098,24.482999801635746,81.62000274658203,104.29000091552734,5203.580078
2190.600098,24.625,81.34999847,104.3499984741211,5248.490234
2217.399902,24.79700088500977,83.16999816894531,104.5500030517578,5254.350098
2236.5,24.95400047302246,83.70999908447266,105.0199966430664,5243.77002
2261.0,25.804000854492188,85.15000153,104.81999969482422,5205.810059
2294.399902,26.94499969482422,85.43000030517578,104.25,5211.490234
2288.800048828125,27.13999938964844,86.58999633789062,104.12000274658205,5147.209961
2325.699951171875,27.399999618530277,86.91000366210938,104.3000030517578,5204.339844
2331.699951171875,27.71199989318848,86.43000030517578,104.13999938964844,5202.390137
2343.5,27.891000747680664,85.23000336,104.1500015258789,5209.910156
2329.600098,27.961000442504883,86.20999908447266,105.25,5160.640137
2354.800048828125,28.176000595092773,85.01999664,105.27999877929688,5199.060059
2356.199951171875,28.25499916,85.66000366210938,106.04000091552734,5123.410156
2365.800048828125,28.650999069213867,85.41000366210938,106.20999908447266,5061.819824
2390.800048828125,28.31800079345703,85.36000061035156,106.26000213623048,5051.410156
2371.699951171875,28.34600067138672,82.69000244140625,105.9499969482422,5022.209961
2382.300048828125,28.32900047302246,82.73000336,106.1500015258789,5011.120117
2398.399902,28.808000564575195,83.13999938964844,106.1500015258789,4967.22998
2332.199951171875,27.21299934387207,82.84999847,106.08000183105467,5010.600098
2327.699951171875,27.33099937438965,83.36000061035156,105.69000244140624,5070.549805
2324.5,27.323999404907227,82.80999755859375,105.86000061035156,5071.629883
2329.800048828125,27.34199905395508,83.56999969482422,105.5999984741211,5048.419922
2334.800048828125,27.24099922180176,83.84999847,105.94000244140624,5099.959961
2345.399902,27.37299919128418,82.62999725341797,105.58000183105467,5116.169922
2291.399902,26.391000747680664,81.93000030517578,106.22000122070312,5035.689941
2299.899902,26.48900032043457,79.0,105.76000213623048,5018.390137
2299.199951171875,26.58300018310547,78.94999694824219,105.3000030517578,5064.200195
2299.0,26.44499969482422,78.11000061035156,105.02999877929688,5127.790039
2321.600098,27.36899948120117,78.48000336,105.0500030517578,5180.740234
2315.199951171875,27.30299949645996,78.37999725341797,105.41000366210938,5187.700195
2313.600098,27.36100006103516,78.98999786376953,105.5500030517578,5187.669922
2332.100098,28.131999969482425,79.26000213623047,105.2300033569336,5214.080078
2367.300048828125,28.274999618530277,78.26000213623047,105.30999755859376,5222.680176
2336.100098,28.22100067138672,79.12000274658203,105.22000122070312,5221.419922
2353.399902,28.48500061035156,78.01999664,105.01000213623048,5246.680176
2388.699951171875,29.513999938964844,78.62999725341797,104.3499984741211,5308.149902
2380.0,29.665000915527344,79.23000336,104.45999908447266,5297.100098
2412.199951171875,31.04700088500977,80.05999755859375,104.4499969482422,5303.27002
2433.899902,32.20500183105469,79.80000305175781,104.56999969482422,5308.129883
2421.699951171875,31.868000030517575,79.26000213623047,104.66000366210938,5321.410156
2389.199951171875,31.295000076293945,77.56999969482422,104.94000244140624,5307.009766
2335.0,30.28400039672852,76.87000274658203,105.11000061035156,5267.839844
2332.5,30.32999992370605,77.72000122070312,104.72000122070312,5304.720215
2355.199951171875,31.97100067138672,79.83000183105469,104.61000061035156,5306.040039
2340.300048828125,32.202999114990234,79.23000336,105.0999984741211,5266.950195
2342.899902,31.38800048828125,77.91000366210938,104.72000122070312,5235.47998
2322.899902,30.29700088500977,76.98999786376953,104.66999816894533,5277.509766
2346.600098,30.641000747680664,74.22000122070312,104.13999938964844,5283.399902
2325.5,29.488000869750977,73.25,104.11000061035156,5291.339844
2354.100098,29.947999954223636,74.06999969482422,104.2699966430664,5354.029785
2370.300048828125,31.246999740600582,75.55000305175781,104.0999984741211,5352.959961
2305.199951171875,29.334999084472656,75.52999877929688,104.88999938964844,5346.990234
2307.699951171875,29.768999099731445,77.73999786376953,105.1500015258789,5360.790039
2307.5,29.132999420166016,77.90000153,105.2300033569336,5375.319824
2336.0,30.176000595092773,78.5,104.6500015258789,5421.029785
2300.199951171875,28.989999771118164,78.62000274658203,105.1999969482422,5433.740234
2331.399902,29.402000427246094,78.44999694824219,105.5500030517578,5431.600098
2312.399902,29.325000762939453,80.33000183105469,105.31999969482422,5473.22998
2330.399902,29.50499916,81.56999969482422,105.26000213623048,5487.029785
2353.800048828125,30.775999069213867,82.16999816894531,105.58999633789062,5473.169922
2316.399902,29.572999954223636,80.73000336,105.8000030517578,5464.620117
2330.0,29.48900032043457,81.62999725341797,105.47000122070312,5447.870117
2316.600098,28.83699989318848,80.83000183105469,105.61000061035156,5469.299805
2299.199951171875,28.90900039672852,80.90000153,106.0500030517578,5477.899902
2324.5,28.917999267578125,81.73999786376953,105.91000366210938,5482.870117
2327.699951171875,29.23699951171875,81.54000091552734,105.87000274658205,5460.47998
2327.600098,29.299999237060547,83.37999725341797,105.9000015258789,5475.089844
2323.0,29.35300064086914,82.80999755859375,105.72000122070312,5509.009766
2359.800048828125,30.54800033569336,83.87999725341797,105.4000015258789,5537.02002
2388.5,31.38800048828125,83.16000366210938,104.87999725341795,5567.189941
2355.199951171875,30.618000030517575,82.33000183105469,105.01000213623048,5572.850098
2360.100098,30.77199935913086,81.41000366210938,105.12999725341795,5576.97998
2372.199951171875,30.726999282836918,82.09999847,105.0500030517578,5633.910156
2415.0,31.393999099731445,82.62000274658203,104.44000244140624,5584.540039
2414.0,30.88599967956543,82.20999908447266,104.08999633789062,5615.350098
2422.899902,30.67200088500977,81.91000366210938,104.19000244140624,5631.220215
2462.399902,31.19499969482422,80.76000213623047,104.2699966430664,5667.200195
2454.800048828125,30.136999130249023,82.84999847,103.75,5588.27002
2451.800048828125,29.99500084,82.81999969482422,104.16999816894533,5544.589844
2395.5,29.08799934387207,80.12999725341797,104.4000015258789,5505.0
2392.0,29.124000549316406,79.77999877929688,104.30999755859376,5564.410156
2404.600098,29.131999969482425,76.95999908447266,104.4499969482422,5555.740234
2413.300048828125,29.11599922180176,77.58999633789062,104.38999938964844,5427.129883
2351.899902,27.80699920654297,78.27999877929688,104.36000061035156,5399.220215
2380.0,27.86000061035156,77.16000366210938,104.31999969482422,5459.100098
2377.300048828125,27.702999114990234,75.80999755859375,104.55999755859376,5463.540039
2405.0,28.364999771118164,74.73000336,104.5500030517578,5436.439941
2426.5,28.777999877929688,77.91000366210938,104.0999984741211,5522.299805
2435.0,28.33099937438965,76.30999755859375,104.41999816894533,5446.680176
2425.699951171875,28.246000289916992,73.51999664,103.20999908447266,5346.560059
2401.699951171875,27.076000213623047,72.94000244140625,102.69000244140624,5186.330078
2389.100098,27.09600067138672,73.19999694824219,102.97000122070312,5240.029785
2390.5,26.82999992370605,75.23000336,103.1999969482422,5199.5
2422.199951171875,27.5,76.19000244140625,103.20999908447266,5319.310059
2432.100098,27.48699951171875,76.83999633789062,103.13999938964844,5344.160156
2462.399902,27.91699981689453,80.05999755859375,103.13999938964844,5344.390137
2466.699951171875,27.69499969482422,78.34999847,102.55999755859376,5434.430176
2439.399902,27.253999710083008,76.98000336,102.56999969482422,5455.209961
2453.100098,28.34199905395508,78.16000366210938,102.9800033569336,5543.220215
2498.600098,28.777999877929688,76.65000153,102.45999908447266,5554.25
2501.800048828125,29.239999771118164,74.37000274658203,101.88999938964844,5608.25
2511.300048828125,29.45499992370605,74.04000091552734,101.44000244140624,5597.120117
2508.399902,29.47599983215332,71.93000030517578,101.04000091552734,5620.850098
2478.899902,29.006000518798828,73.01000213623047,101.51000213623048,5570.640137
2508.399902,29.785999298095703,74.83000183105469,100.72000122070312,5634.609863
2517.699951171875,29.976999282836918,77.41999816894531,100.8499984741211,5616.839844
2516.0,29.951000213623047,75.52999877929688,100.5500030517578,5625.799805
2501.0,29.176000595092773,74.51999664,101.08999633789062,5592.180176
2525.699951171875,29.55699920654297,75.91000366210938,101.33999633789062,5591.959961
2493.800048828125,28.731000900268555,73.55000305175781,101.6999969482422,5648.399902
2489.899902,27.951000213623047,70.33999633789062,101.83000183105467,5528.930176
2493.399902,28.16699981689453,69.19999694824219,101.36000061035156,5520.069824
2511.399902,28.71999931335449,69.15000153,101.11000061035156,5503.410156
2493.5,27.808000564575195,67.66999816894531,101.18000030517578,5408.419922
2501.800048828125,28.291000366210938,68.70999908447266,101.5500030517578,5471.049805
2512.300048828125,28.256999969482425,65.75,101.62999725341795,5495.52002
2512.100098,28.5629997253418,67.30999755859375,101.68000030517578,5554.129883
2551.199951171875,29.743000030517575,68.97000122070312,101.37000274658205,5595.759766
2581.300048828125,30.698999404907227,68.65000153,101.11000061035156,5626.02002
2580.399902,30.770999908447266,70.08999633789062,100.76000213623048,5633.089844
2564.300048828125,30.61899948120117,71.19000244140625,100.88999938964844,5634.580078
2570.699951171875,30.340999603271484,70.91000366210938,100.5999984741211,5618.259766
2588.0,31.09399986,71.94999694824219,100.61000061035156,5713.640137
2619.899902,31.176000595092773,71.91999816894531,100.72000122070312,5702.549805
2626.5,30.767000198364254,70.37000274658203,100.91999816894533,5718.569824
2651.199951171875,32.11100006103516,71.55999755859375,100.37000274658205,5732.930176
2659.199951171875,31.697999954223636,69.69000244140625,100.91999816894533,5722.259766
2669.899902,32.025001525878906,67.66999816894531,100.55999755859376,5745.370117
2644.300048828125,31.518999099731445,68.18000030517578,100.41999816894533,5738.169922
2636.100098,31.16399955749512,68.16999816894531,100.77999877929688,5762.47998
2667.300048828125,31.44499969482422,69.83000183105469,101.19000244140624,5708.75
2647.100098,31.62800025939941,70.09999847,101.68000030517578,5709.540039
2657.100098,32.18899917602539,73.70999908447266,101.98999786376952,5699.939941
2645.800048828125,32.12799835205078,74.37999725341797,102.5199966430664,5751.069824
2644.800048828125,31.74500084,77.13999938964844,102.54000091552734,5695.939941
2615.0,30.354999542236328,73.56999969482422,102.5500030517578,5751.129883
2606.0,30.424999237060547,73.23999786376953,102.93000030517578,5792.040039
2620.600098,31.00499916,75.84999847,102.98999786376952,5780.049805
2657.600098,31.520000457763672,75.55999755859375,102.88999938964844,5815.029785
2647.800048828125,31.08300018310547,73.83000183105469,103.3000030517578,5859.850098
2661.399902,31.527000427246094,70.58000183105469,103.26000213623048,5815.259766
2674.0,31.76000022888184,70.38999938964844,103.58999633789062,5842.470215
2691.0,31.572999954223636,70.66999816894531,103.83000183105467,5841.470215
2713.699951171875,33.03200149536133,69.22000122070312,103.48999786376952,5864.669922
2723.100098,33.86899948120117,70.55999755859375,104.01000213623048,5853.97998
2744.199951171875,34.83100128173828,72.08999633789062,104.08000183105467,5851.200195
2714.399902,33.63999938964844,70.76999664,104.43000030517578,5797.419922
2734.899902,33.61100006103516,70.19000244140625,104.05999755859376,5809.859863
2740.899902,33.60300064086914,71.77999877929688,104.26000213623048,5808.120117
2742.899902,33.83000183105469,67.37999725341797,104.31999969482422,5823.52002
2768.399902,34.26900100708008,67.20999908447266,104.27999877929688,5832.919922
2788.5,33.91400146484375,68.61000061035156,103.98999786376952,5813.669922
2738.300048828125,32.65299987792969,69.26000213623047,103.9800033569336,5705.450195
2738.600098,32.54199981689453,69.48999786376953,104.27999877929688,5728.799805
2736.100098,32.47999954223633,71.47000122070312,103.88999938964844,5712.689941
2740.300048828125,32.654998779296875,71.98999786376953,103.41999816894533,5782.759766
2667.600098,31.22100067138672,71.69000244140625,105.08999633789062,5929.040039
2698.399902,31.76499938964844,72.36000061035156,104.51000213623048,5973.100098
2687.5,31.358999252319336,70.37999725341797,105.0,5995.540039
2611.199951171875,30.540000915527344,68.04000091552734,105.54000091552734,6001.350098
2600.0,30.68600082397461,68.12000274658203,106.0199966430664,5983.990234
2580.800048828125,30.59000015258789,68.43000030517578,106.4800033569336,5985.379883
2568.199951171875,30.507999420166016,68.69999694824219,106.66999816894533,5949.169922
2565.699951171875,30.371000289916992,67.01999664,106.69000244140624,5870.620117
2610.600098,31.163000106811523,69.16000366210938,106.27999877929688,5893.620117
2627.100098,31.20800018310547,69.38999938964844,106.20999908447266,5916.97998
2648.199951171875,30.95599937438965,68.87000274658203,106.68000030517578,5917.109863
2672.100098,30.91200065612793,70.09999847,106.97000122070312,5948.709961
2709.899902,31.30900001525879,71.23999786376953,107.48999786376952,5969.339844
2616.800048828125,30.209999084472656,68.94000244140625,106.81999969482422,5987.370117
2620.300048828125,30.38800048828125,68.76999664,107.01000213623048,6021.629883
2639.899902,30.11100006103516,68.72000122070312,106.08000183105467,5998.740234
2657.0,30.684999465942383,68.0,105.73999786376952,6032.379883
2634.899902,30.448999404907227,68.09999847,106.4499969482422,6047.149902
2644.699951171875,31.07699966430664,69.94000244140625,106.37000274658205,6049.879883
2653.800048828125,31.50499916,68.54000091552734,106.33999633789062,6086.490234
2626.600098,31.13400077819824,68.30000305175781,105.70999908447266,6075.109863
2638.600098,31.18600082397461,67.19999694824219,105.97000122070312,6090.27002
2664.899902,32.215999603271484,68.37000274658203,106.1500015258789,6052.850098
2697.600098,32.362998962402344,68.58999633789062,106.4000015258789,6034.910156
2733.800048828125,32.56200027,70.29000091552734,106.70999908447266,6084.189941
2687.5,31.22800064086914,70.01999664,106.95999908447266,6051.25
2656.0,30.655000686645508,71.29000091552734,107.0,6051.089844
2651.399902,30.69700050354004,70.70999908447266,106.86000061035156,6074.080078
2644.399902,30.572999954223636,70.08000183105469,106.95999908447266,6050.609863
2636.5,30.40999984741211,70.58000183105469,108.02999877929688,5872.160156
2592.199951171875,29.09399986,69.91000366210938,108.41000366210938,5867.080078
2628.699951171875,29.65999984741211,69.45999908447266,107.62000274658205,5930.850098
2612.300048828125,29.88800048828125,69.23999786376953,108.04000091552734,5974.069824
2620.0,29.974000930786133,70.09999847,108.26000213623048,6040.040039
2638.800048828125,30.04700088500977,69.62000274658203,108.12999725341795,6037.589844
2617.199951171875,29.655000686645508,70.59999847,108.0,5970.839844
2606.100098,29.106000900268555,70.98999786376953,108.12999725341795,5906.939941
2629.199951171875,28.940000534057617,71.72000122070312,108.48999786376952,5881.629883
2658.899902,29.621999740600582,73.12999725341797,109.38999938964844,5868.549805
2645.0,29.80599975585937,73.95999908447266,108.9499969482422,5942.470215
2638.399902,30.34199905395508,73.55999755859375,108.26000213623048,5975.379883
2656.699951171875,30.44700050354004,74.25,108.54000091552734,5909.029785
2664.5,30.45199966430664,73.31999969482422,109.08999633789062,5918.25
2708.5,31.090999603271484,76.56999969482422,109.6500015258789,5827.040039
2673.5,30.090999603271484,78.81999969482422,109.95999908447266,5836.220215
2677.5,30.131999969482425,77.5,109.2699966430664,5842.910156
2712.5,31.319000244140625,80.04000091552734,109.08999633789062,5949.910156
