date,cpi,rates
02/01/2020,258.906,1.55
03/01/2020,258.906,1.55
06/01/2020,258.906,1.55
07/01/2020,258.906,1.55
08/01/2020,258.906,1.55
09/01/2020,258.906,1.55
10/01/2020,258.906,1.54
13/01/2020,258.906,1.54
14/01/2020,258.906,1.54
15/01/2020,258.906,1.54
16/01/2020,258.906,1.54
17/01/2020,258.906,1.55
21/01/2020,258.906,1.55
22/01/2020,258.906,1.55
23/01/2020,258.906,1.55
24/01/2020,258.906,1.55
27/01/2020,258.906,1.55
28/01/2020,258.906,1.55
29/01/2020,258.906,1.55
30/01/2020,258.906,1.6
31/01/2020,258.906,1.59
03/02/2020,259.246,1.59
04/02/2020,259.246,1.59
05/02/2020,259.246,1.59
06/02/2020,259.246,1.59
07/02/2020,259.246,1.58
10/02/2020,259.246,1.58
11/02/2020,259.246,1.58
12/02/2020,259.246,1.58
13/02/2020,259.246,1.58
14/02/2020,259.246,1.58
18/02/2020,259.246,1.59
19/02/2020,259.246,1.59
20/02/2020,259.246,1.59
21/02/2020,259.246,1.58
24/02/2020,259.246,1.58
25/02/2020,259.246,1.58
26/02/2020,259.246,1.58
27/02/2020,259.246,1.58
28/02/2020,259.246,1.58
02/03/2020,258.15,1.59
03/03/2020,258.15,1.59
04/03/2020,258.15,1.09
05/03/2020,258.15,1.09
06/03/2020,258.15,1.09
09/03/2020,258.15,1.09
10/03/2020,258.15,1.09
11/03/2020,258.15,1.09
12/03/2020,258.15,1.1
13/03/2020,258.15,1.1
16/03/2020,258.15,0.25
17/03/2020,258.15,0.25
18/03/2020,258.15,0.25
19/03/2020,258.15,0.2
20/03/2020,258.15,0.15
23/03/2020,258.15,0.15
24/03/2020,258.15,0.12
25/03/2020,258.15,0.1
26/03/2020,258.15,0.1
27/03/2020,258.15,0.1
30/03/2020,258.15,0.09
31/03/2020,258.15,0.08
01/04/2020,256.126,0.06
02/04/2020,256.126,0.05
03/04/2020,256.126,0.05
06/04/2020,256.126,0.05
07/04/2020,256.126,0.05
08/04/2020,256.126,0.05
09/04/2020,256.126,0.05
10/04/2020,256.126,0.05
13/04/2020,256.126,0.05
14/04/2020,256.126,0.05
15/04/2020,256.126,0.05
16/04/2020,256.126,0.05
17/04/2020,256.126,0.05
20/04/2020,256.126,0.05
21/04/2020,256.126,0.05
22/04/2020,256.126,0.05
23/04/2020,256.126,0.04
24/04/2020,256.126,0.05
27/04/2020,256.126,0.04
28/04/2020,256.126,0.04
29/04/2020,256.126,0.04
30/04/2020,256.126,0.05
01/05/2020,255.848,0.05
04/05/2020,255.848,0.05
05/05/2020,255.848,0.05
06/05/2020,255.848,0.05
07/05/2020,255.848,0.05
08/05/2020,255.848,0.05
11/05/2020,255.848,0.05
12/05/2020,255.848,0.05
13/05/2020,255.848,0.05
14/05/2020,255.848,0.05
15/05/2020,255.848,0.05
18/05/2020,255.848,0.05
19/05/2020,255.848,0.05
20/05/2020,255.848,0.05
21/05/2020,255.848,0.05
22/05/2020,255.848,0.05
26/05/2020,255.848,0.05
27/05/2020,255.848,0.05
28/05/2020,255.848,0.05
29/05/2020,255.848,0.05
01/06/2020,257.004,0.05
02/06/2020,257.004,0.06
03/06/2020,257.004,0.06
04/06/2020,257.004,0.06
05/06/2020,257.004,0.07
08/06/2020,257.004,0.07
09/06/2020,257.004,0.07
10/06/2020,257.004,0.08
11/06/2020,257.004,0.08
12/06/2020,257.004,0.08
15/06/2020,257.004,0.09
16/06/2020,257.004,0.09
17/06/2020,257.004,0.09
18/06/2020,257.004,0.09
19/06/2020,257.004,0.09
22/06/2020,257.004,0.08
23/06/2020,257.004,0.08
24/06/2020,257.004,0.08
25/06/2020,257.004,0.08
26/06/2020,257.004,0.08
29/06/2020,257.004,0.08
30/06/2020,257.004,0.08
01/07/2020,258.408,0.08
02/07/2020,258.408,0.09
03/07/2020,258.408,0.09
06/07/2020,258.408,0.09
07/07/2020,258.408,0.09
08/07/2020,258.408,0.09
09/07/2020,258.408,0.09
10/07/2020,258.408,0.09
13/07/2020,258.408,0.09
14/07/2020,258.408,0.09
15/07/2020,258.408,0.1
16/07/2020,258.408,0.1
17/07/2020,258.408,0.09
20/07/2020,258.408,0.1
21/07/2020,258.408,0.1
22/07/2020,258.408,0.09
23/07/2020,258.408,0.09
24/07/2020,258.408,0.09
27/07/2020,258.408,0.1
28/07/2020,258.408,0.1
29/07/2020,258.408,0.1
30/07/2020,258.408,0.1
31/07/2020,258.408,0.1
03/08/2020,259.366,0.1
04/08/2020,259.366,0.1
05/08/2020,259.366,0.1
06/08/2020,259.366,0.1
07/08/2020,259.366,0.1
10/08/2020,259.366,0.1
11/08/2020,259.366,0.1
12/08/2020,259.366,0.1
13/08/2020,259.366,0.1
14/08/2020,259.366,0.1
17/08/2020,259.366,0.1
18/08/2020,259.366,0.09
19/08/2020,259.366,0.09
20/08/2020,259.366,0.09
21/08/2020,259.366,0.09
24/08/2020,259.366,0.09
25/08/2020,259.366,0.09
26/08/2020,259.366,0.09
27/08/2020,259.366,0.08
28/08/2020,259.366,0.09
31/08/2020,259.366,0.09
01/09/2020,259.951,0.09
02/09/2020,259.951,0.09
03/09/2020,259.951,0.09
04/09/2020,259.951,0.09
08/09/2020,259.951,0.09
09/09/2020,259.951,0.09
10/09/2020,259.951,0.09
11/09/2020,259.951,0.09
14/09/2020,259.951,0.09
15/09/2020,259.951,0.09
16/09/2020,259.951,0.09
17/09/2020,259.951,0.09
18/09/2020,259.951,0.09
21/09/2020,259.951,0.09
22/09/2020,259.951,0.09
23/09/2020,259.951,0.09
24/09/2020,259.951,0.09
25/09/2020,259.951,0.09
28/09/2020,259.951,0.09
29/09/2020,259.951,0.09
30/09/2020,259.951,0.09
01/10/2020,260.249,0.09
02/10/2020,260.249,0.09
05/10/2020,260.249,0.09
06/10/2020,260.249,0.09
07/10/2020,260.249,0.09
08/10/2020,260.249,0.09
09/10/2020,260.249,0.09
13/10/2020,260.249,0.09
14/10/2020,260.249,0.09
15/10/2020,260.249,0.09
16/10/2020,260.249,0.09
19/10/2020,260.249,0.09
20/10/2020,260.249,0.09
21/10/2020,260.249,0.09
22/10/2020,260.249,0.09
23/10/2020,260.249,0.09
26/10/2020,260.249,0.09
27/10/2020,260.249,0.09
28/10/2020,260.249,0.09
29/10/2020,260.249,0.09
30/10/2020,260.249,0.09
02/11/2020,260.895,0.09
03/11/2020,260.895,0.09
04/11/2020,260.895,0.09
05/11/2020,260.895,0.09
06/11/2020,260.895,0.09
09/11/2020,260.895,0.09
10/11/2020,260.895,0.09
12/11/2020,260.895,0.09
13/11/2020,260.895,0.09
16/11/2020,260.895,0.09
17/11/2020,260.895,0.09
18/11/2020,260.895,0.09
19/11/2020,260.895,0.08
20/11/2020,260.895,0.08
23/11/2020,260.895,0.08
24/11/2020,260.895,0.08
25/11/2020,260.895,0.08
27/11/2020,260.895,0.08
30/11/2020,260.895,0.09
01/12/2020,262.005,0.09
02/12/2020,262.005,0.09
03/12/2020,262.005,0.09
04/12/2020,262.005,0.09
07/12/2020,262.005,0.09
08/12/2020,262.005,0.09
09/12/2020,262.005,0.09
10/12/2020,262.005,0.09
11/12/2020,262.005,0.09
14/12/2020,262.005,0.09
15/12/2020,262.005,0.09
16/12/2020,262.005,0.09
17/12/2020,262.005,0.09
18/12/2020,262.005,0.09
21/12/2020,262.005,0.09
22/12/2020,262.005,0.09
23/12/2020,262.005,0.09
24/12/2020,262.005,0.09
28/12/2020,262.005,0.09
29/12/2020,262.005,0.09
30/12/2020,262.005,0.09
31/12/2020,262.005,0.09
04/01/2021,262.518,0.09
05/01/2021,262.518,0.09
06/01/2021,262.518,0.09
07/01/2021,262.518,0.09
08/01/2021,262.518,0.09
11/01/2021,262.518,0.09
12/01/2021,262.518,0.09
13/01/2021,262.518,0.09
14/01/2021,262.518,0.09
15/01/2021,262.518,0.09
19/01/2021,262.518,0.09
20/01/2021,262.518,0.09
21/01/2021,262.518,0.08
22/01/2021,262.518,0.08
25/01/2021,262.518,0.08
26/01/2021,262.518,0.08
27/01/2021,262.518,0.08
28/01/2021,262.518,0.07
29/01/2021,262.518,0.07
01/02/2021,263.583,0.08
02/02/2021,263.583,0.08
03/02/2021,263.583,0.08
04/02/2021,263.583,0.08
05/02/2021,263.583,0.08
08/02/2021,263.583,0.07
09/02/2021,263.583,0.08
10/02/2021,263.583,0.08
11/02/2021,263.583,0.08
12/02/2021,263.583,0.08
16/02/2021,263.583,0.08
17/02/2021,263.583,0.08
18/02/2021,263.583,0.07
19/02/2021,263.583,0.07
22/02/2021,263.583,0.07
23/02/2021,263.583,0.07
24/02/2021,263.583,0.07
25/02/2021,263.583,0.07
26/02/2021,263.583,0.07
01/03/2021,264.91,0.07
02/03/2021,264.91,0.07
03/03/2021,264.91,0.07
04/03/2021,264.91,0.07
05/03/2021,264.91,0.07
08/03/2021,264.91,0.07
09/03/2021,264.91,0.07
10/03/2021,264.91,0.07
11/03/2021,264.91,0.07
12/03/2021,264.91,0.07
15/03/2021,264.91,0.07
16/03/2021,264.91,0.07
17/03/2021,264.91,0.07
18/03/2021,264.91,0.07
19/03/2021,264.91,0.07
22/03/2021,264.91,0.07
23/03/2021,264.91,0.07
24/03/2021,264.91,0.07
25/03/2021,264.91,0.07
26/03/2021,264.91,0.07
29/03/2021,264.91,0.07
30/03/2021,264.91,0.07
31/03/2021,264.91,0.06
01/04/2021,266.752,0.07
02/04/2021,266.752,0.07
05/04/2021,266.752,0.07
06/04/2021,266.752,0.07
07/04/2021,266.752,0.07
08/04/2021,266.752,0.07
09/04/2021,266.752,0.07
12/04/2021,266.752,0.07
13/04/2021,266.752,0.07
14/04/2021,266.752,0.07
15/04/2021,266.752,0.07
16/04/2021,266.752,0.07
19/04/2021,266.752,0.07
20/04/2021,266.752,0.07
21/04/2021,266.752,0.07
22/04/2021,266.752,0.07
23/04/2021,266.752,0.07
26/04/2021,266.752,0.07
27/04/2021,266.752,0.07
28/04/2021,266.752,0.07
29/04/2021,266.752,0.06
30/04/2021,266.752,0.05
03/05/2021,268.452,0.06
04/05/2021,268.452,0.06
05/05/2021,268.452,0.06
06/05/2021,268.452,0.06
07/05/2021,268.452,0.06
10/05/2021,268.452,0.06
11/05/2021,268.452,0.06
12/05/2021,268.452,0.06
13/05/2021,268.452,0.06
14/05/2021,268.452,0.06
17/05/2021,268.452,0.06
18/05/2021,268.452,0.06
19/05/2021,268.452,0.06
20/05/2021,268.452,0.06
21/05/2021,268.452,0.06
24/05/2021,268.452,0.06
25/05/2021,268.452,0.06
26/05/2021,268.452,0.06
27/05/2021,268.452,0.06
28/05/2021,268.452,0.05
01/06/2021,270.664,0.06
02/06/2021,270.664,0.06
03/06/2021,270.664,0.06
04/06/2021,270.664,0.06
07/06/2021,270.664,0.06
08/06/2021,270.664,0.06
09/06/2021,270.664,0.06
10/06/2021,270.664,0.06
11/06/2021,270.664,0.06
14/06/2021,270.664,0.06
15/06/2021,270.664,0.06
16/06/2021,270.664,0.06
17/06/2021,270.664,0.1
18/06/2021,270.664,0.1
21/06/2021,270.664,0.1
22/06/2021,270.664,0.1
23/06/2021,270.664,0.1
24/06/2021,270.664,0.1
25/06/2021,270.664,0.1
28/06/2021,270.664,0.1
29/06/2021,270.664,0.1
30/06/2021,270.664,0.08
01/07/2021,271.994,0.1
02/07/2021,271.994,0.1
06/07/2021,271.994,0.1
07/07/2021,271.994,0.1
08/07/2021,271.994,0.1
09/07/2021,271.994,0.1
12/07/2021,271.994,0.1
13/07/2021,271.994,0.1
14/07/2021,271.994,0.1
15/07/2021,271.994,0.1
16/07/2021,271.994,0.1
19/07/2021,271.994,0.1
20/07/2021,271.994,0.1
21/07/2021,271.994,0.1
22/07/2021,271.994,0.1
23/07/2021,271.994,0.1
26/07/2021,271.994,0.1
27/07/2021,271.994,0.1
28/07/2021,271.994,0.1
29/07/2021,271.994,0.1
30/07/2021,271.994,0.07
02/08/2021,272.789,0.1
03/08/2021,272.789,0.1
04/08/2021,272.789,0.1
05/08/2021,272.789,0.1
06/08/2021,272.789,0.1
09/08/2021,272.789,0.1
10/08/2021,272.789,0.1
11/08/2021,272.789,0.1
12/08/2021,272.789,0.1
13/08/2021,272.789,0.1
16/08/2021,272.789,0.1
17/08/2021,272.789,0.1
18/08/2021,272.789,0.09
19/08/2021,272.789,0.09
20/08/2021,272.789,0.09
23/08/2021,272.789,0.09
24/08/2021,272.789,0.09
25/08/2021,272.789,0.09
26/08/2021,272.789,0.09
27/08/2021,272.789,0.08
30/08/2021,272.789,0.08
31/08/2021,272.789,0.06
01/09/2021,273.887,0.08
02/09/2021,273.887,0.08
03/09/2021,273.887,0.08
07/09/2021,273.887,0.08
08/09/2021,273.887,0.08
09/09/2021,273.887,0.08
10/09/2021,273.887,0.08
13/09/2021,273.887,0.08
14/09/2021,273.887,0.08
15/09/2021,273.887,0.08
16/09/2021,273.887,0.08
17/09/2021,273.887,0.08
20/09/2021,273.887,0.08
21/09/2021,273.887,0.08
22/09/2021,273.887,0.08
23/09/2021,273.887,0.08
24/09/2021,273.887,0.08
27/09/2021,273.887,0.08
28/09/2021,273.887,0.08
29/09/2021,273.887,0.08
30/09/2021,273.887,0.06
01/10/2021,276.434,0.08
04/10/2021,276.434,0.08
05/10/2021,276.434,0.08
06/10/2021,276.434,0.08
07/10/2021,276.434,0.08
08/10/2021,276.434,0.08
12/10/2021,276.434,0.08
13/10/2021,276.434,0.08
14/10/2021,276.434,0.08
15/10/2021,276.434,0.08
18/10/2021,276.434,0.08
19/10/2021,276.434,0.08
20/10/2021,276.434,0.08
21/10/2021,276.434,0.08
22/10/2021,276.434,0.08
25/10/2021,276.434,0.08
26/10/2021,276.434,0.08
27/10/2021,276.434,0.08
28/10/2021,276.434,0.08
29/10/2021,276.434,0.07
01/11/2021,278.799,0.08
02/11/2021,278.799,0.08
03/11/2021,278.799,0.08
04/11/2021,278.799,0.08
05/11/2021,278.799,0.08
08/11/2021,278.799,0.08
09/11/2021,278.799,0.08
10/11/2021,278.799,0.08
12/11/2021,278.799,0.08
15/11/2021,278.799,0.08
16/11/2021,278.799,0.08
17/11/2021,278.799,0.08
18/11/2021,278.799,0.08
19/11/2021,278.799,0.08
22/11/2021,278.799,0.08
23/11/2021,278.799,0.08
24/11/2021,278.799,0.08
26/11/2021,278.799,0.08
29/11/2021,278.799,0.08
30/11/2021,278.799,0.07
01/12/2021,280.808,0.08
02/12/2021,280.808,0.08
03/12/2021,280.808,0.08
06/12/2021,280.808,0.08
07/12/2021,280.808,0.08
08/12/2021,280.808,0.08
09/12/2021,280.808,0.08
10/12/2021,280.808,0.08
13/12/2021,280.808,0.08
14/12/2021,280.808,0.08
15/12/2021,280.808,0.08
16/12/2021,280.808,0.08
17/12/2021,280.808,0.08
20/12/2021,280.808,0.08
21/12/2021,280.808,0.08
22/12/2021,280.808,0.08
23/12/2021,280.808,0.08
24/12/2021,280.808,0.08
27/12/2021,280.808,0.08
28/12/2021,280.808,0.08
29/12/2021,280.808,0.08
30/12/2021,280.808,0.08
31/12/2021,280.808,0.07
03/01/2022,282.39,0.08
04/01/2022,282.39,0.08
05/01/2022,282.39,0.08
06/01/2022,282.39,0.08
07/01/2022,282.39,0.08
10/01/2022,282.39,0.08
11/01/2022,282.39,0.08
12/01/2022,282.39,0.08
13/01/2022,282.39,0.08
14/01/2022,282.39,0.08
18/01/2022,282.39,0.08
19/01/2022,282.39,0.08
20/01/2022,282.39,0.08
21/01/2022,282.39,0.08
24/01/2022,282.39,0.08
25/01/2022,282.39,0.08
26/01/2022,282.39,0.08
27/01/2022,282.39,0.08
28/01/2022,282.39,0.08
31/01/2022,282.39,0.08
01/02/2022,284.535,0.08
02/02/2022,284.535,0.08
03/02/2022,284.535,0.08
04/02/2022,284.535,0.08
07/02/2022,284.535,0.08
08/02/2022,284.535,0.08
09/02/2022,284.535,0.08
10/02/2022,284.535,0.08
11/02/2022,284.535,0.08
14/02/2022,284.535,0.08
15/02/2022,284.535,0.08
16/02/2022,284.535,0.08
17/02/2022,284.535,0.08
18/02/2022,284.535,0.08
22/02/2022,284.535,0.08
23/02/2022,284.535,0.08
24/02/2022,284.535,0.08
25/02/2022,284.535,0.08
28/02/2022,284.535,0.08
01/03/2022,287.553,0.08
02/03/2022,287.553,0.08
03/03/2022,287.553,0.08
04/03/2022,287.553,0.08
07/03/2022,287.553,0.08
08/03/2022,287.553,0.08
09/03/2022,287.553,0.08
10/03/2022,287.553,0.08
11/03/2022,287.553,0.08
14/03/2022,287.553,0.08
15/03/2022,287.553,0.08
16/03/2022,287.553,0.08
17/03/2022,287.553,0.33
18/03/2022,287.553,0.33
21/03/2022,287.553,0.33
22/03/2022,287.553,0.33
23/03/2022,287.553,0.33
24/03/2022,287.553,0.33
25/03/2022,287.553,0.33
28/03/2022,287.553,0.33
29/03/2022,287.553,0.33
30/03/2022,287.553,0.33
31/03/2022,287.553,0.33
01/04/2022,288.764,0.33
04/04/2022,288.764,0.33
05/04/2022,288.764,0.33
06/04/2022,288.764,0.33
07/04/2022,288.764,0.33
08/04/2022,288.764,0.33
11/04/2022,288.764,0.33
12/04/2022,288.764,0.33
13/04/2022,288.764,0.33
14/04/2022,288.764,0.33
15/04/2022,288.764,0.33
18/04/2022,288.764,0.33
19/04/2022,288.764,0.33
20/04/2022,288.764,0.33
21/04/2022,288.764,0.33
22/04/2022,288.764,0.33
25/04/2022,288.764,0.33
26/04/2022,288.764,0.33
27/04/2022,288.764,0.33
28/04/2022,288.764,0.33
29/04/2022,288.764,0.33
02/05/2022,291.359,0.33
03/05/2022,291.359,0.33
04/05/2022,291.359,0.33
05/05/2022,291.359,0.83
06/05/2022,291.359,0.83
09/05/2022,291.359,0.83
10/05/2022,291.359,0.83
11/05/2022,291.359,0.83
12/05/2022,291.359,0.83
13/05/2022,291.359,0.83
16/05/2022,291.359,0.83
17/05/2022,291.359,0.83
18/05/2022,291.359,0.83
19/05/2022,291.359,0.83
20/05/2022,291.359,0.83
23/05/2022,291.359,0.83
24/05/2022,291.359,0.83
25/05/2022,291.359,0.83
26/05/2022,291.359,0.83
27/05/2022,291.359,0.83
31/05/2022,291.359,0.83
01/06/2022,294.996,0.83
02/06/2022,294.996,0.83
03/06/2022,294.996,0.83
06/06/2022,294.996,0.83
07/06/2022,294.996,0.83
08/06/2022,294.996,0.83
09/06/2022,294.996,0.83
10/06/2022,294.996,0.83
13/06/2022,294.996,0.83
14/06/2022,294.996,0.83
15/06/2022,294.996,0.83
16/06/2022,294.996,1.58
17/06/2022,294.996,1.58
21/06/2022,294.996,1.58
22/06/2022,294.996,1.58
23/06/2022,294.996,1.58
24/06/2022,294.996,1.58
27/06/2022,294.996,1.58
28/06/2022,294.996,1.58
29/06/2022,294.996,1.58
30/06/2022,294.996,1.58
01/07/2022,294.977,1.58
05/07/2022,294.977,1.58
06/07/2022,294.977,1.58
07/07/2022,294.977,1.58
08/07/2022,294.977,1.58
11/07/2022,294.977,1.58
12/07/2022,294.977,1.58
13/07/2022,294.977,1.58
14/07/2022,294.977,1.58
15/07/2022,294.977,1.58
18/07/2022,294.977,1.58
19/07/2022,294.977,1.58
20/07/2022,294.977,1.58
21/07/2022,294.977,1.58
22/07/2022,294.977,1.58
25/07/2022,294.977,1.58
26/07/2022,294.977,1.58
27/07/2022,294.977,1.58
28/07/2022,294.977,2.33
29/07/2022,294.977,2.32
01/08/2022,295.209,2.33
02/08/2022,295.209,2.33
03/08/2022,295.209,2.33
04/08/2022,295.209,2.33
05/08/2022,295.209,2.33
08/08/2022,295.209,2.33
09/08/2022,295.209,2.33
10/08/2022,295.209,2.33
11/08/2022,295.209,2.33
12/08/2022,295.209,2.33
15/08/2022,295.209,2.33
16/08/2022,295.209,2.33
17/08/2022,295.209,2.33
18/08/2022,295.209,2.33
19/08/2022,295.209,2.33
22/08/2022,295.209,2.33
23/08/2022,295.209,2.33
24/08/2022,295.209,2.33
25/08/2022,295.209,2.33
26/08/2022,295.209,2.33
29/08/2022,295.209,2.33
30/08/2022,295.209,2.33
31/08/2022,295.209,2.33
01/09/2022,296.341,2.33
02/09/2022,296.341,2.33
06/09/2022,296.341,2.33
07/09/2022,296.341,2.33
08/09/2022,296.341,2.33
09/09/2022,296.341,2.33
12/09/2022,296.341,2.33
13/09/2022,296.341,2.33
14/09/2022,296.341,2.33
15/09/2022,296.341,2.33
16/09/2022,296.341,2.33
19/09/2022,296.341,2.33
20/09/2022,296.341,2.33
21/09/2022,296.341,2.33
22/09/2022,296.341,3.08
23/09/2022,296.341,3.08
26/09/2022,296.341,3.08
27/09/2022,296.341,3.08
28/09/2022,296.341,3.08
29/09/2022,296.341,3.08
30/09/2022,296.341,3.08
03/10/2022,297.863,3.08
04/10/2022,297.863,3.08
05/10/2022,297.863,3.08
06/10/2022,297.863,3.08
07/10/2022,297.863,3.08
11/10/2022,297.863,3.08
12/10/2022,297.863,3.08
13/10/2022,297.863,3.08
14/10/2022,297.863,3.08
17/10/2022,297.863,3.08
18/10/2022,297.863,3.08
19/10/2022,297.863,3.08
20/10/2022,297.863,3.08
21/10/2022,297.863,3.08
24/10/2022,297.863,3.08
25/10/2022,297.863,3.08
26/10/2022,297.863,3.08
27/10/2022,297.863,3.08
28/10/2022,297.863,3.08
31/10/2022,297.863,3.08
01/11/2022,298.648,3.08
02/11/2022,298.648,3.08
03/11/2022,298.648,3.83
04/11/2022,298.648,3.83
07/11/2022,298.648,3.83
08/11/2022,298.648,3.83
09/11/2022,298.648,3.83
10/11/2022,298.648,3.83
14/11/2022,298.648,3.83
15/11/2022,298.648,3.83
16/11/2022,298.648,3.83
17/11/2022,298.648,3.83
18/11/2022,298.648,3.83
21/11/2022,298.648,3.83
22/11/2022,298.648,3.83
23/11/2022,298.648,3.83
25/11/2022,298.648,3.83
28/11/2022,298.648,3.83
29/11/2022,298.648,3.83
30/11/2022,298.648,3.83
01/12/2022,298.812,3.83
02/12/2022,298.812,3.83
05/12/2022,298.812,3.83
06/12/2022,298.812,3.83
07/12/2022,298.812,3.83
08/12/2022,298.812,3.83
09/12/2022,298.812,3.83
12/12/2022,298.812,3.83
13/12/2022,298.812,3.83
14/12/2022,298.812,3.83
15/12/2022,298.812,4.33
16/12/2022,298.812,4.33
19/12/2022,298.812,4.33
20/12/2022,298.812,4.33
21/12/2022,298.812,4.33
22/12/2022,298.812,4.33
23/12/2022,298.812,4.33
27/12/2022,298.812,4.33
28/12/2022,298.812,4.33
29/12/2022,298.812,4.33
30/12/2022,298.812,4.33
03/01/2023,300.356,4.33
04/01/2023,300.356,4.33
05/01/2023,300.356,4.33
06/01/2023,300.356,4.33
09/01/2023,300.356,4.33
10/01/2023,300.356,4.33
11/01/2023,300.356,4.33
12/01/2023,300.356,4.33
13/01/2023,300.356,4.33
17/01/2023,300.356,4.33
18/01/2023,300.356,4.33
19/01/2023,300.356,4.33
20/01/2023,300.356,4.33
23/01/2023,300.356,4.33
24/01/2023,300.356,4.33
25/01/2023,300.356,4.33
26/01/2023,300.356,4.33
27/01/2023,300.356,4.33
30/01/2023,300.356,4.33
31/01/2023,300.356,4.33
01/02/2023,301.509,4.33
02/02/2023,301.509,4.58
03/02/2023,301.509,4.58
06/02/2023,301.509,4.58
07/02/2023,301.509,4.58
08/02/2023,301.509,4.58
09/02/2023,301.509,4.57
10/02/2023,301.509,4.58
13/02/2023,301.509,4.58
14/02/2023,301.509,4.58
15/02/2023,301.509,4.58
16/02/2023,301.509,4.58
17/02/2023,301.509,4.58
21/02/2023,301.509,4.58
22/02/2023,301.509,4.58
23/02/2023,301.509,4.58
24/02/2023,301.509,4.58
27/02/2023,301.509,4.57
28/02/2023,301.509,4.57
01/03/2023,301.744,4.58
02/03/2023,301.744,4.57
03/03/2023,301.744,4.57
06/03/2023,301.744,4.57
07/03/2023,301.744,4.57
08/03/2023,301.744,4.57
09/03/2023,301.744,4.57
10/03/2023,301.744,4.57
13/03/2023,301.744,4.58
14/03/2023,301.744,4.58
15/03/2023,301.744,4.58
16/03/2023,301.744,4.58
17/03/2023,301.744,4.58
20/03/2023,301.744,4.58
21/03/2023,301.744,4.58
22/03/2023,301.744,4.58
23/03/2023,301.744,4.83
24/03/2023,301.744,4.83
27/03/2023,301.744,4.83
28/03/2023,301.744,4.83
29/03/2023,301.744,4.83
30/03/2023,301.744,4.83
31/03/2023,301.744,4.83
03/04/2023,303.032,4.83
04/04/2023,303.032,4.83
05/04/2023,303.032,4.83
06/04/2023,303.032,4.83
07/04/2023,303.032,4.83
10/04/2023,303.032,4.83
11/04/2023,303.032,4.83
12/04/2023,303.032,4.83
13/04/2023,303.032,4.83
14/04/2023,303.032,4.83
17/04/2023,303.032,4.83
18/04/2023,303.032,4.83
19/04/2023,303.032,4.83
20/04/2023,303.032,4.83
21/04/2023,303.032,4.83
24/04/2023,303.032,4.83
25/04/2023,303.032,4.83
26/04/2023,303.032,4.83
27/04/2023,303.032,4.83
28/04/2023,303.032,4.83
01/05/2023,303.365,4.83
02/05/2023,303.365,4.83
03/05/2023,303.365,4.83
04/05/2023,303.365,5.08
05/05/2023,303.365,5.08
08/05/2023,303.365,5.08
09/05/2023,303.365,5.08
10/05/2023,303.365,5.08
11/05/2023,303.365,5.08
12/05/2023,303.365,5.08
15/05/2023,303.365,5.08
16/05/2023,303.365,5.08
17/05/2023,303.365,5.08
18/05/2023,303.365,5.08
19/05/2023,303.365,5.08
22/05/2023,303.365,5.08
23/05/2023,303.365,5.08
24/05/2023,303.365,5.08
25/05/2023,303.365,5.08
26/05/2023,303.365,5.08
30/05/2023,303.365,5.08
31/05/2023,303.365,5.08
01/06/2023,304.003,5.08
02/06/2023,304.003,5.08
05/06/2023,304.003,5.08
06/06/2023,304.003,5.08
07/06/2023,304.003,5.08
08/06/2023,304.003,5.08
09/06/2023,304.003,5.08
12/06/2023,304.003,5.08
13/06/2023,304.003,5.08
14/06/2023,304.003,5.08
15/06/2023,304.003,5.07
16/06/2023,304.003,5.08
20/06/2023,304.003,5.07
21/06/2023,304.003,5.07
22/06/2023,304.003,5.07
23/06/2023,304.003,5.07
26/06/2023,304.003,5.07
27/06/2023,304.003,5.07
28/06/2023,304.003,5.07
29/06/2023,304.003,5.07
30/06/2023,304.003,5.08
03/07/2023,304.628,5.08
05/07/2023,304.628,5.08
06/07/2023,304.628,5.08
07/07/2023,304.628,5.08
10/07/2023,304.628,5.07
11/07/2023,304.628,5.08
12/07/2023,304.628,5.08
13/07/2023,304.628,5.08
14/07/2023,304.628,5.08
17/07/2023,304.628,5.08
18/07/2023,304.628,5.08
19/07/2023,304.628,5.08
20/07/2023,304.628,5.08
21/07/2023,304.628,5.08
24/07/2023,304.628,5.08
25/07/2023,304.628,5.08
26/07/2023,304.628,5.08
27/07/2023,304.628,5.33
28/07/2023,304.628,5.33
31/07/2023,304.628,5.33
01/08/2023,306.187,5.33
02/08/2023,306.187,5.33
03/08/2023,306.187,5.33
04/08/2023,306.187,5.33
07/08/2023,306.187,5.33
08/08/2023,306.187,5.33
09/08/2023,306.187,5.33
10/08/2023,306.187,5.33
11/08/2023,306.187,5.33
14/08/2023,306.187,5.33
15/08/2023,306.187,5.33
16/08/2023,306.187,5.33
17/08/2023,306.187,5.33
18/08/2023,306.187,5.33
21/08/2023,306.187,5.33
22/08/2023,306.187,5.33
23/08/2023,306.187,5.33
24/08/2023,306.187,5.33
25/08/2023,306.187,5.33
28/08/2023,306.187,5.33
29/08/2023,306.187,5.33
30/08/2023,306.187,5.33
31/08/2023,306.187,5.33
01/09/2023,307.288,5.33
05/09/2023,307.288,5.33
06/09/2023,307.288,5.33
07/09/2023,307.288,5.33
08/09/2023,307.288,5.33
11/09/2023,307.288,5.33
12/09/2023,307.288,5.33
13/09/2023,307.288,5.33
14/09/2023,307.288,5.33
15/09/2023,307.288,5.33
18/09/2023,307.288,5.33
19/09/2023,307.288,5.33
20/09/2023,307.288,5.33
21/09/2023,307.288,5.33
22/09/2023,307.288,5.33
25/09/2023,307.288,5.33
26/09/2023,307.288,5.33
27/09/2023,307.288,5.33
28/09/2023,307.288,5.33
29/09/2023,307.288,5.33
02/10/2023,307.531,5.33
03/10/2023,307.531,5.33
04/10/2023,307.531,5.33
05/10/2023,307.531,5.33
06/10/2023,307.531,5.33
10/10/2023,307.531,5.33
11/10/2023,307.531,5.33
12/10/2023,307.531,5.33
13/10/2023,307.531,5.33
16/10/2023,307.531,5.33
17/10/2023,307.531,5.33
18/10/2023,307.531,5.33
19/10/2023,307.531,5.33
20/10/2023,307.531,5.33
23/10/2023,307.531,5.33
24/10/2023,307.531,5.33
25/10/2023,307.531,5.33
26/10/2023,307.531,5.33
27/10/2023,307.531,5.33
30/10/2023,307.531,5.33
31/10/2023,307.531,5.33
01/11/2023,308.024,5.33
02/11/2023,308.024,5.33
03/11/2023,308.024,5.33
06/11/2023,308.024,5.33
07/11/2023,308.024,5.33
08/11/2023,308.024,5.33
09/11/2023,308.024,5.33
10/11/2023,308.024,5.33
13/11/2023,308.024,5.33
14/11/2023,308.024,5.33
15/11/2023,308.024,5.33
16/11/2023,308.024,5.33
17/11/2023,308.024,5.33
20/11/2023,308.024,5.33
21/11/2023,308.024,5.33
22/11/2023,308.024,5.33
24/11/2023,308.024,5.33
27/11/2023,308.024,5.33
28/11/2023,308.024,5.33
29/11/2023,308.024,5.33
30/11/2023,308.024,5.33
01/12/2023,308.742,5.33
04/12/2023,308.742,5.33
05/12/2023,308.742,5.33
06/12/2023,308.742,5.33
07/12/2023,308.742,5.33
08/12/2023,308.742,5.33
11/12/2023,308.742,5.33
12/12/2023,308.742,5.33
13/12/2023,308.742,5.33
14/12/2023,308.742,5.33
15/12/2023,308.742,5.33
18/12/2023,308.742,5.33
19/12/2023,308.742,5.33
20/12/2023,308.742,5.33
21/12/2023,308.742,5.33
22/12/2023,308.742,5.33
26/12/2023,308.742,5.33
27/12/2023,308.742,5.33
28/12/2023,308.742,5.33
29/12/2023,308.742,5.33
02/01/2024,309.685,5.33
03/01/2024,309.685,5.33
04/01/2024,309.685,5.33
05/01/2024,309.685,5.33
08/01/2024,309.685,5.33
09/01/2024,309.685,5.33
10/01/2024,309.685,5.33
11/01/2024,309.685,5.33
12/01/2024,309.685,5.33
16/01/2024,309.685,5.33
17/01/2024,309.685,5.33
18/01/2024,309.685,5.33
19/01/2024,309.685,5.33
22/01/2024,309.685,5.33
23/01/2024,309.685,5.33
24/01/2024,309.685,5.33
25/01/2024,309.685,5.33
26/01/2024,309.685,5.33
29/01/2024,309.685,5.33
30/01/2024,309.685,5.33
31/01/2024,309.685,5.33
01/02/2024,311.054,5.33
02/02/2024,311.054,5.33
05/02/2024,311.054,5.33
06/02/2024,311.054,5.33
07/02/2024,311.054,5.33
08/02/2024,311.054,5.33
09/02/2024,311.054,5.33
12/02/2024,311.054,5.33
13/02/2024,311.054,5.33
14/02/2024,311.054,5.33
15/02/2024,311.054,5.33
16/02/2024,311.054,5.33
20/02/2024,311.054,5.33
21/02/2024,311.054,5.33
22/02/2024,311.054,5.33
23/02/2024,311.054,5.33
26/02/2024,311.054,5.33
27/02/2024,311.054,5.33
28/02/2024,311.054,5.33
29/02/2024,311.054,5.33
01/03/2024,312.23,5.33
04/03/2024,312.23,5.33
05/03/2024,312.23,5.33
06/03/2024,312.23,5.33
07/03/2024,312.23,5.33
08/03/2024,312.23,5.33
11/03/2024,312.23,5.33
12/03/2024,312.23,5.33
13/03/2024,312.23,5.33
14/03/2024,312.23,5.33
15/03/2024,312.23,5.33
18/03/2024,312.23,5.33
19/03/2024,312.23,5.33
20/03/2024,312.23,5.33
21/03/2024,312.23,5.33
22/03/2024,312.23,5.33
25/03/2024,312.23,5.33
26/03/2024,312.23,5.33
27/03/2024,312.23,5.33
28/03/2024,312.23,5.33
29/03/2024,312.23,5.33
01/04/2024,313.207,5.33
02/04/2024,313.207,5.33
03/04/2024,313.207,5.33
04/04/2024,313.207,5.33
05/04/2024,313.207,5.33
08/04/2024,313.207,5.33
09/04/2024,313.207,5.33
10/04/2024,313.207,5.33
11/04/2024,313.207,5.33
12/04/2024,313.207,5.33
15/04/2024,313.207,5.33
16/04/2024,313.207,5.33
17/04/2024,313.207,5.33
18/04/2024,313.207,5.33
19/04/2024,313.207,5.33
22/04/2024,313.207,5.33
23/04/2024,313.207,5.33
24/04/2024,313.207,5.33
25/04/2024,313.207,5.33
26/04/2024,313.207,5.33
29/04/2024,313.207,5.33
30/04/2024,313.207,5.33
01/05/2024,313.225,5.33
02/05/2024,313.225,5.33
03/05/2024,313.225,5.33
06/05/2024,313.225,5.33
07/05/2024,313.225,5.33
08/05/2024,313.225,5.33
09/05/2024,313.225,5.33
10/05/2024,313.225,5.33
13/05/2024,313.225,5.33
14/05/2024,313.225,5.33
15/05/2024,313.225,5.33
16/05/2024,313.225,5.33
17/05/2024,313.225,5.33
20/05/2024,313.225,5.33
21/05/2024,313.225,5.33
22/05/2024,313.225,5.33
23/05/2024,313.225,5.33
24/05/2024,313.225,5.33
28/05/2024,313.225,5.33
29/05/2024,313.225,5.33
30/05/2024,313.225,5.33
31/05/2024,313.225,5.33
03/06/2024,313.049,5.33
04/06/2024,313.049,5.33
05/06/2024,313.049,5.33
06/06/2024,313.049,5.33
07/06/2024,313.049,5.33
10/06/2024,313.049,5.33
11/06/2024,313.049,5.33
12/06/2024,313.049,5.33
13/06/2024,313.049,5.33
14/06/2024,313.049,5.33
17/06/2024,313.049,5.33
18/06/2024,313.049,5.33
20/06/2024,313.049,5.33
21/06/2024,313.049,5.33
24/06/2024,313.049,5.33
25/06/2024,313.049,5.33
26/06/2024,313.049,5.33
27/06/2024,313.049,5.33
28/06/2024,313.049,5.33
01/07/2024,313.534,5.33
02/07/2024,313.534,5.33
03/07/2024,313.534,5.33
05/07/2024,313.534,5.33
08/07/2024,313.534,5.33
09/07/2024,313.534,5.33
10/07/2024,313.534,5.33
11/07/2024,313.534,5.33
12/07/2024,313.534,5.33
15/07/2024,313.534,5.33
16/07/2024,313.534,5.33
17/07/2024,313.534,5.33
18/07/2024,313.534,5.33
19/07/2024,313.534,5.33
22/07/2024,313.534,5.33
23/07/2024,313.534,5.33
24/07/2024,313.534,5.33
25/07/2024,313.534,5.33
26/07/2024,313.534,5.33
29/07/2024,313.534,5.33
30/07/2024,313.534,5.33
31/07/2024,313.534,5.33
01/08/2024,314.121,5.33
02/08/2024,314.121,5.33
05/08/2024,314.121,5.33
06/08/2024,314.121,5.33
07/08/2024,314.121,5.33
08/08/2024,314.121,5.33
09/08/2024,314.121,5.33
12/08/2024,314.121,5.33
13/08/2024,314.121,5.33
14/08/2024,314.121,5.33
15/08/2024,314.121,5.33
16/08/2024,314.121,5.33
19/08/2024,314.121,5.33
20/08/2024,314.121,5.33
21/08/2024,314.121,5.33
22/08/2024,314.121,5.33
23/08/2024,314.121,5.33
26/08/2024,314.121,5.33
27/08/2024,314.121,5.33
28/08/2024,314.121,5.33
29/08/2024,314.121,5.33
30/08/2024,314.121,5.33
03/09/2024,314.686,5.33
04/09/2024,314.686,5.33
05/09/2024,314.686,5.33
06/09/2024,314.686,5.33
09/09/2024,314.686,5.33
10/09/2024,314.686,5.33
11/09/2024,314.686,5.33
12/09/2024,314.686,5.33
13/09/2024,314.686,5.33
16/09/2024,314.686,5.33
17/09/2024,314.686,5.33
18/09/2024,314.686,5.33
19/09/2024,314.686,4.83
20/09/2024,314.686,4.83
23/09/2024,314.686,4.83
24/09/2024,314.686,4.83
25/09/2024,314.686,4.83
26/09/2024,314.686,4.83
27/09/2024,314.686,4.83
30/09/2024,314.686,4.83
01/10/2024,315.454,4.83
02/10/2024,315.454,4.83
03/10/2024,315.454,4.83
04/10/2024,315.454,4.83
07/10/2024,315.454,4.83
08/10/2024,315.454,4.83
09/10/2024,315.454,4.83
10/10/2024,315.454,4.83
11/10/2024,315.454,4.83
15/10/2024,315.454,4.83
16/10/2024,315.454,4.83
17/10/2024,315.454,4.83
18/10/2024,315.454,4.83
21/10/2024,315.454,4.83
22/10/2024,315.454,4.83
23/10/2024,315.454,4.83
24/10/2024,315.454,4.83
25/10/2024,315.454,4.83
28/10/2024,315.454,4.83
29/10/2024,315.454,4.83
30/10/2024,315.454,4.83
31/10/2024,315.454,4.83
01/11/2024,316.441,4.83
04/11/2024,316.441,4.83
05/11/2024,316.441,4.83
06/11/2024,316.441,4.83
07/11/2024,316.441,4.83
08/11/2024,316.441,4.58
12/11/2024,316.441,4.58
13/11/2024,316.441,4.58
14/11/2024,316.441,4.58
15/11/2024,316.441,4.58
18/11/2024,316.441,4.58
19/11/2024,316.441,4.58
20/11/2024,316.441,4.58
21/11/2024,316.441,4.58
22/11/2024,316.441,4.58
25/11/2024,316.441,4.58
26/11/2024,316.441,4.58
27/11/2024,316.441,4.58
29/11/2024,316.441,4.58
02/12/2024,317.685,4.58
03/12/2024,317.685,4.58
04/12/2024,317.685,4.58
05/12/2024,317.685,4.58
06/12/2024,317.685,4.58
09/12/2024,317.685,4.58
10/12/2024,317.685,4.58
11/12/2024,317.685,4.58
12/12/2024,317.685,4.58
13/12/2024,317.685,4.58
16/12/2024,317.685,4.58
17/12/2024,317.685,4.58
18/12/2024,317.685,4.58
19/12/2024,317.685,4.33
20/12/2024,317.685,4.33
23/12/2024,317.685,4.33
24/12/2024,317.685,4.33
26/12/2024,317.685,4.33
27/12/2024,317.685,4.33
30/12/2024,317.685,4.33
31/12/2024,317.685,4.33
